"","biogenic_silica","bone","cartilaginous","chitinous","NA_NA","non_calcifying","soft_aragonite","soft_calcite","soft_calcium_phosphate","soft_calcium_sulfate","soft_high_magnesium","soft_Siliceous","solid_aragonite","solid_Calcareous","solid_calcite","solid_calcium_phosphate","solid_Gorgonin","solid_high_magnesium","solid_Phosphatic"
"Acanella arbuscula",0,0,0,0,0,0,0,0,0,0,0,0,0,0,0,0,1,0,0
"Acanthephyra eximia",0,0,0,1,0,0,0,0,0,0,0,0,0,0,1,0,0,0,0
"Acanthephyra purpurea",0,0,0,1,0,0,0,0,0,0,0,0,0,0,1,0,0,0,0
"Acanthogorgia armata",0,0,0,0,0,0,0,0,0,0,1,0,0,0,0,0,1,0,0
"Acipenser oxyrhynchus",0,1,0,0,0,0,0,0,0,0,0,0,0,0,0,0,0,0,0
"Acipenser oxyrinchus",0,0,1,0,0,0,0,0,0,0,0,0,0,0,0,0,0,0,0
"Actinauge sp.",0,0,0,0,0,1,0,0,0,0,0,0,0,0,0,0,0,0,0
"Actiniidae",0,0,0,0,0,1,0,0,0,0,0,0,0,0,0,0,0,0,0
"Actinostola",0,0,0,0,0,1,0,0,0,0,0,0,0,0,0,0,0,0,0
"Actinostola sp.",0,0,0,0,1,0,0,0,0,0,0,0,0,0,0,0,0,0,0
"Aega psora",0,0,0,1,0,0,0,0,0,0,0,0,0,0,1,0,0,0,0
"Agarum cribrosum",0,0,0,0,0,1,0,0,0,0,0,0,0,0,0,0,0,0,0
"Agriopoma morrhuanum",0,0,0,0,0,0,0,0,0,0,0,0,0,1,0,0,0,0,0
"Alaria esculenta",0,0,1,0,0,0,0,0,0,0,0,0,0,0,0,0,0,0,0
"Alcyonidium sp.",0,0,0,0,0,0,0,0,0,0,0,0,0,0,1,0,0,0,0
"Alcyonium digitatum",0,0,0,0,0,0,0,0,0,0,1,0,0,0,0,0,1,0,0
"Aldrovandia",0,0,1,0,0,0,0,0,0,0,0,0,0,0,0,0,0,0,0
"Alepisaurus brevirostris",0,0,1,0,0,0,0,0,0,0,0,0,0,0,0,0,0,0,0
"Alepisaurus ferox",0,0,1,0,0,0,0,0,0,0,0,0,0,0,0,0,0,0,0
"Alepocephalus agassizii",0,0,1,0,0,0,0,0,0,0,0,0,0,0,0,0,0,0,0
"Alepocephalus bairdii",0,0,1,0,0,0,0,0,0,0,0,0,0,0,0,0,0,0,0
"Alosa aestivalis",0,0,1,0,0,0,0,0,0,0,0,0,0,0,0,0,0,0,0
"Alosa pseudoharengus",0,0,1,0,0,0,0,0,0,0,0,0,0,0,0,0,0,0,0
"Alosa sapidissima",0,0,1,0,0,0,0,0,0,0,0,0,0,0,0,0,0,0,0
"Aluterus schoepfii",0,0,1,0,0,0,0,0,0,0,0,0,0,0,0,0,0,0,0
"Amblyraja hyperborea",0,0,1,0,0,0,0,0,0,0,0,0,0,0,0,0,0,0,0
"Amblyraja jenseni",0,0,1,0,0,0,0,0,0,0,0,0,0,0,0,0,0,0,0
"Amblyraja radiata",0,0,1,0,0,0,0,0,0,0,0,0,0,0,0,0,0,0,0
"Amicula vestita",0,0,0,0,0,0,0,0,1,0,0,0,1,0,0,0,0,0,0
"Ammodytes",0,0,1,0,0,0,0,0,0,0,0,0,0,0,0,0,0,0,0
"Ammodytes sp.",0,0,1,0,0,0,0,0,0,0,0,0,0,0,0,0,0,0,0
"Ampelisca",0,0,0,1,0,0,0,0,0,0,0,0,0,0,1,0,0,0,0
"Ampelisca sp.",0,0,0,1,0,0,0,0,0,0,0,0,0,0,1,0,0,0,0
"Amphiura sp.",0,0,0,0,0,0,0,0,0,0,0,0,0,0,0,0,0,1,0
"Anarhichas denticulatus",0,0,1,0,0,0,0,0,0,0,0,0,0,0,0,0,0,0,0
"Anarhichas lupus",0,0,1,0,0,0,0,0,0,0,0,0,0,0,0,0,0,0,0
"Anarhichas minor",0,0,1,0,0,0,0,0,0,0,0,0,0,0,0,0,0,0,0
"Anguilla rostrata",0,0,1,0,0,0,0,0,0,0,0,0,0,0,0,0,0,0,0
"Anisarchus medius",0,0,1,0,0,0,0,0,0,0,0,0,0,0,0,0,0,0,0
"Anomia",0,0,0,0,0,0,0,0,0,0,0,0,0,1,0,0,0,0,0
"Anomia sp.",0,0,0,0,0,0,0,0,0,0,0,0,0,0,1,0,0,0,0
"Anonyx",0,0,0,1,0,0,0,0,0,0,0,0,0,0,1,0,0,0,0
"Anonyx sp.",0,0,0,1,0,0,0,0,0,0,0,0,0,0,1,0,0,0,0
"Anoplogaster cornuta",0,0,1,0,0,0,0,0,0,0,0,0,0,0,0,0,0,0,0
"Anotopterus pharao",0,0,1,0,0,0,0,0,0,0,0,0,0,0,0,0,0,0,0
"Antalis sp.",0,0,0,0,0,0,0,0,0,0,0,0,1,0,0,0,0,0,0
"Anthias nicholsi",0,0,1,0,0,0,0,0,0,0,0,0,0,0,0,0,0,0,0
"Anthomastus grandiflorus",0,0,0,0,0,0,0,0,0,0,0,0,0,0,0,0,1,0,0
"Anthoptilum grandiflorum",0,0,0,0,0,0,0,1,0,0,0,0,0,0,0,0,0,0,0
"Antigonia capros",0,0,1,0,0,0,0,0,0,0,0,0,0,0,0,0,0,0,0
"Antimora rostrata",0,0,1,0,0,0,0,0,0,0,0,0,0,0,0,0,0,0,0
"Aphanopus carbo",0,0,1,0,0,0,0,0,0,0,0,0,0,0,0,0,0,0,0
"Aphrodita hastata",0,0,0,0,1,0,0,0,0,0,0,0,0,0,0,0,0,0,0
"Aphroditella hastata",0,0,0,0,0,1,0,0,0,0,0,0,0,0,0,0,0,0,0
"Apristurus",0,0,1,0,0,0,0,0,0,0,0,0,0,0,0,0,0,0,0
"Arbacia punctulata",0,0,0,0,0,0,0,0,0,0,0,0,0,0,0,0,0,1,0
"Arcoscalpellum michelottianum",0,0,0,1,0,0,0,0,0,0,0,0,0,0,1,0,0,0,0
"Arctica islandica",0,0,0,0,0,0,0,0,0,0,0,0,1,0,0,0,0,0,0
"Arctozenus risso",0,0,1,0,0,0,0,0,0,0,0,0,0,0,0,0,0,0,0
"Arenicola marina",0,0,0,0,1,0,0,0,0,0,0,0,0,0,0,0,0,0,0
"Argentina silus",0,0,1,0,0,0,0,0,0,0,0,0,0,0,0,0,0,0,0
"Argis dentata",0,0,0,1,0,0,0,0,0,0,0,0,0,0,1,0,0,0,0
"Argyropelecus aculeatus",0,0,1,0,0,0,0,0,0,0,0,0,0,0,0,0,0,0,0
"Argyropelecus gigas",0,0,1,0,0,0,0,0,0,0,0,0,0,0,0,0,0,0,0
"Ariomma bondi",0,0,1,0,0,0,0,0,0,0,0,0,0,0,0,0,0,0,0
"Aristaeopsis edwardsiana",0,0,0,1,0,0,0,0,0,0,0,0,0,0,1,0,0,0,0
"Aristostomias",0,0,1,0,0,0,0,0,0,0,0,0,0,0,0,0,0,0,0
"Arrhis phyllonyx",0,0,0,1,0,0,0,0,0,0,0,0,0,0,1,0,0,0,0
"Arrhoges occidentalis",0,0,0,0,0,0,0,0,0,0,0,0,0,0,1,0,0,0,0
"Artediellus",0,0,1,0,0,0,0,0,0,0,0,0,0,0,0,0,0,0,0
"Artediellus sp.",0,0,1,0,0,0,0,0,0,0,0,0,0,0,0,0,0,0,0
"Ascidiacea",0,0,0,0,0,1,0,0,0,0,0,0,0,0,0,0,0,0,0
"Ascophyllum nodosum",0,0,1,0,0,0,0,0,0,0,0,0,0,0,0,0,0,0,0
"Aspidophoroides monopterygius",0,0,1,0,0,0,0,0,0,0,0,0,0,0,0,0,0,0,0
"Aspidophoroides olriki",0,1,0,0,0,0,0,0,0,0,0,0,0,0,0,0,0,0,0
"Aspidophoroides olrikii",0,0,1,0,0,0,0,0,0,0,0,0,0,0,0,0,0,0,0
"Astarte",0,0,0,0,0,0,0,0,0,0,0,0,0,1,0,0,0,0,0
"Astarte sp.",0,0,0,0,1,0,0,0,0,0,0,0,0,0,0,0,0,0,0
"Asterias",0,0,0,0,0,0,0,0,0,0,0,0,0,0,0,0,0,1,0
"Asterias sp.",0,0,0,0,0,0,0,0,0,0,0,0,0,0,0,0,0,1,0
"Astropecten americanus",0,0,0,0,0,0,0,0,0,0,0,0,0,0,0,0,0,1,0
"Astropecten duplicatus",0,0,0,0,0,0,0,0,0,0,0,0,0,0,0,0,0,1,0
"Atlantopandalus propinqvus",0,0,0,1,0,0,0,0,0,0,0,0,0,0,1,0,0,0,0
"Atolla wyvillei",0,0,0,0,0,0,0,0,0,1,0,0,0,0,0,0,0,0,0
"Aulacofusus brevicauda",0,0,0,0,0,0,0,0,0,0,0,0,0,0,1,0,0,0,0
"Aurelia aurita",0,0,0,0,0,0,0,0,0,1,0,0,0,0,0,0,0,0,0
"Axius serratus",0,0,0,1,0,0,0,0,0,0,0,0,0,0,1,0,0,0,0
"Bajacalifornia megalops",0,0,1,0,0,0,0,0,0,0,0,0,0,0,0,0,0,0,0
"Balaena mysticetus",0,1,0,0,0,0,0,0,0,0,0,0,0,0,0,0,0,0,0
"Balaenoptera acutorostrata",0,1,0,0,0,0,0,0,0,0,0,0,0,0,0,0,0,0,0
"Balaenoptera borealis",0,1,0,0,0,0,0,0,0,0,0,0,0,0,0,0,0,0,0
"Balaenoptera musculus",0,1,0,0,0,0,0,0,0,0,0,0,0,0,0,0,0,0,0
"Balaenoptera physalus",0,1,0,0,0,0,0,0,0,0,0,0,0,0,0,0,0,0,0
"Balanidae",0,0,0,1,0,0,0,0,0,0,0,0,0,0,1,0,0,0,0
"Balistes capriscus",0,0,1,0,0,0,0,0,0,0,0,0,0,0,0,0,0,0,0
"Balistes vetula",0,0,1,0,0,0,0,0,0,0,0,0,0,0,0,0,0,0,0
"Bassogigas gilli",0,1,0,0,0,0,0,0,0,0,0,0,0,0,0,0,0,0,0
"Bathyarca sp.",0,0,0,1,0,0,0,0,0,0,0,0,1,0,0,0,0,0,0
"Bathygadus melanobranchus",0,0,1,0,0,0,0,0,0,0,0,0,0,0,0,0,0,0,0
"Bathylagus bericoides",0,1,0,0,0,0,0,0,0,0,0,0,0,0,0,0,0,0,0
"Bathylagus euryops",0,0,1,0,0,0,0,0,0,0,0,0,0,0,0,0,0,0,0
"Bathynectes longispina",0,0,0,1,0,0,0,0,0,0,0,0,0,0,1,0,0,0,0
"Bathynectes maravigna",0,0,0,1,0,0,0,0,0,0,0,0,0,0,1,0,0,0,0
"Bathypolypus",0,0,0,0,0,0,1,0,0,0,0,0,0,0,0,0,0,0,0
"Bathypolypus sp.",0,0,0,0,1,0,0,0,0,0,0,0,0,0,0,0,0,0,0
"Bathypterois",0,0,1,0,0,0,0,0,0,0,0,0,0,0,0,0,0,0,0
"Bathyraja spinicauda",0,0,1,0,0,0,0,0,0,0,0,0,0,0,0,0,0,0,0
"Bathysaurus ferox",0,0,1,0,0,0,0,0,0,0,0,0,0,0,0,0,0,0,0
"Bathytroctes microlepis",0,0,1,0,0,0,0,0,0,0,0,0,0,0,0,0,0,0,0
"Benthodesmus elongatus",0,0,1,0,0,0,0,0,0,0,0,0,0,0,0,0,0,0,0
"Benthodesmus simonyi",0,0,1,0,0,0,0,0,0,0,0,0,0,0,0,0,0,0,0
"Beringius turtoni",0,0,0,0,0,0,0,0,0,0,0,0,0,0,1,0,0,0,0
"Beryx decadactylus",0,0,1,0,0,0,0,0,0,0,0,0,0,0,0,0,0,0,0
"Bolocera",0,0,0,0,0,1,0,0,0,0,0,0,0,0,0,0,0,0,0
"Bolocera sp.",0,0,0,0,1,0,0,0,0,0,0,0,0,0,0,0,0,0,0
"Boltenia ovifera",0,0,0,0,0,1,0,0,0,0,0,0,0,0,0,0,0,0,0
"Boreogadus saida",0,0,1,0,0,0,0,0,0,0,0,0,0,0,0,0,0,0,0
"Boreomysis sp.",0,0,0,1,0,0,0,0,0,0,0,0,0,0,1,0,0,0,0
"Boreotrophon sp.",0,0,0,0,0,0,0,0,0,0,0,0,0,0,1,0,0,0,0
"Borostomias antarcticus",0,0,1,0,0,0,0,0,0,0,0,0,0,0,0,0,0,0,0
"Bothus",0,0,1,0,0,0,0,0,0,0,0,0,0,0,0,0,0,0,0
"Bothus ocellatus",0,0,1,0,0,0,0,0,0,0,0,0,0,0,0,0,0,0,0
"Brevoortia tyrannus",0,0,1,0,0,0,0,0,0,0,0,0,0,0,0,0,0,0,0
"Brisaster fragilis",0,0,0,0,0,0,0,0,0,0,0,0,0,0,0,0,0,1,0
"Brosme brosme",0,0,1,0,0,0,0,0,0,0,0,0,0,0,0,0,0,0,0
"Bryozoa",0,0,0,0,0,0,0,0,0,0,0,0,0,0,1,0,0,0,0
"Buccinum",0,0,0,0,0,0,0,0,0,0,0,0,0,0,1,0,0,0,0
"Buccinum sp.",0,0,0,0,1,0,0,0,0,0,0,0,0,0,0,0,0,0,0
"Caberea ellisii",0,0,0,0,0,0,0,0,0,0,0,0,0,0,1,0,0,0,0
"Caelorinchus caelorinchus",0,1,0,0,0,0,0,0,0,0,0,0,0,0,0,0,0,0,0
"Calathura brachiata",0,0,0,1,0,0,0,0,0,0,0,0,0,0,1,0,0,0,0
"Callionymus",0,0,1,0,0,0,0,0,0,0,0,0,0,0,0,0,0,0,0
"Calliostoma occidentale",0,0,0,0,0,0,0,1,0,0,0,0,0,0,0,0,0,0,0
"Calocaris templemani",0,0,0,1,0,0,0,0,0,0,0,0,0,0,1,0,0,0,0
"Cancer borealis",0,0,0,1,0,0,0,0,0,0,0,0,0,0,1,0,0,0,0
"Cancer irroratus",0,0,0,1,0,0,0,0,0,0,0,0,0,0,1,0,0,0,0
"Carcharias taurus",0,0,1,0,0,0,0,0,0,0,0,0,0,0,0,0,0,0,0
"Cardium sp.",0,0,0,0,0,0,0,0,0,0,0,0,1,0,0,0,0,0,0
"Careproctus longipinnis",0,0,1,0,0,0,0,0,0,0,0,0,0,0,0,0,0,0,0
"Careproctus ranula",0,0,1,0,0,0,0,0,0,0,0,0,0,0,0,0,0,0,0
"Careproctus reinhardti",0,0,1,0,0,0,0,0,0,0,0,0,0,0,0,0,0,0,0
"Cataetyx laticeps",0,0,1,0,0,0,0,0,0,0,0,0,0,0,0,0,0,0,0
"Caudina arenata",0,0,0,0,0,0,0,0,0,0,0,0,0,0,0,0,0,1,0
"Centropristis striata",0,0,1,0,0,0,0,0,0,0,0,0,0,0,0,0,0,0,0
"Centroscyllium fabricii",0,0,1,0,0,0,0,0,0,0,0,0,0,0,0,0,0,0,0
"Centroscymnus coelolepis",0,0,1,0,0,0,0,0,0,0,0,0,0,0,0,0,0,0,0
"Ceramaster granularis",0,0,0,0,0,0,0,0,0,0,0,0,0,0,0,0,0,1,0
"Cerastoderma pinnulatum",0,0,0,0,0,0,0,0,0,0,0,0,1,0,0,0,0,0,0
"Ceratias holboelli",0,0,1,0,0,0,0,0,0,0,0,0,0,0,0,0,0,0,0
"Cetorhinus maximus",0,0,1,0,0,0,0,0,0,0,0,0,0,0,0,0,0,0,0
"Chaceon quinquedens",0,0,0,1,0,0,0,0,0,0,0,0,0,0,1,0,0,0,0
"Chauliodus sloani",0,0,1,0,0,0,0,0,0,0,0,0,0,0,0,0,0,0,0
"Chaunax",0,0,1,0,0,0,0,0,0,0,0,0,0,0,0,0,0,0,0
"Chiasmodon",0,0,1,0,0,0,0,0,0,0,0,0,0,0,0,0,0,0,0
"Chionoecetes opilio",0,0,0,1,0,0,0,0,0,0,0,0,0,0,1,0,0,0,0
"Chiridota laevis",0,0,0,0,0,0,0,0,0,0,0,0,0,0,0,0,0,1,0
"Chirona hameri",0,0,0,1,0,0,0,0,0,0,0,0,0,0,1,0,0,0,0
"Chlamys islandica",0,0,0,1,0,0,0,0,0,0,0,0,1,0,1,0,0,0,0
"Chlorophthalmus agassizi",0,0,1,0,0,0,0,0,0,0,0,0,0,0,0,0,0,0,0
"Chrysogorgia agassizii",0,0,0,0,0,0,0,0,0,0,0,0,0,0,0,0,1,0,0
"Ciliatocardium ciliatum",0,0,0,0,0,0,0,0,0,0,0,0,1,0,0,0,0,0,0
"Cirroteuthis",0,0,0,0,0,0,1,0,0,0,0,0,0,0,0,0,0,0,0
"Citharichthys arctifrons",0,0,1,0,0,0,0,0,0,0,0,0,0,0,0,0,0,0,0
"Clupea harengus",0,0,1,0,0,0,0,0,0,0,0,0,0,0,0,0,0,0,0
"Colga villosa",0,0,0,0,0,1,0,0,0,0,0,0,0,0,0,0,0,0,0
"Colossendeis",0,0,0,1,0,0,0,0,0,0,0,0,0,0,0,0,0,0,0
"Colus",0,0,0,0,0,0,0,0,0,0,0,0,0,0,1,0,0,0,0
"Colus sp.",0,0,0,0,1,0,0,0,0,0,0,0,0,0,0,0,0,0,0
"Conger",0,0,1,0,0,0,0,0,0,0,0,0,0,0,0,0,0,0,0
"Conocara salmonea",0,1,0,0,0,0,0,0,0,0,0,0,0,0,0,0,0,0,0
"Cookeolus boops",0,1,0,0,0,0,0,0,0,0,0,0,0,0,0,0,0,0,0
"Coregonus clupeaformis",0,0,1,0,0,0,0,0,0,0,0,0,0,0,0,0,0,0,0
"Coryphaena hippurus",0,0,1,0,0,0,0,0,0,0,0,0,0,0,0,0,0,0,0
"Coryphaenoides carapinus",0,0,1,0,0,0,0,0,0,0,0,0,0,0,0,0,0,0,0
"Coryphaenoides rupestris",0,0,1,0,0,0,0,0,0,0,0,0,0,0,0,0,0,0,0
"Cottunculus microps",0,0,1,0,0,0,0,0,0,0,0,0,0,0,0,0,0,0,0
"Cottunculus thompsoni",0,1,0,0,0,0,0,0,0,0,0,0,0,0,0,0,0,0,0
"Cottunculus thomsonii",0,0,1,0,0,0,0,0,0,0,0,0,0,0,0,0,0,0,0
"Crangon septemspinosa",0,0,0,1,0,0,0,0,0,0,0,0,0,0,1,0,0,0,0
"Crenella faba",0,0,0,0,1,0,0,0,0,0,0,0,0,0,0,0,0,0,0
"Crossaster papposus",0,0,0,0,0,0,0,0,0,0,0,0,0,0,0,0,0,1,0
"Cryptacanthodes maculatus",0,0,1,0,0,0,0,0,0,0,0,0,0,0,0,0,0,0,0
"Cryptopsaras couesii",0,0,1,0,0,0,0,0,0,0,0,0,0,0,0,0,0,0,0
"Ctenodiscus crispatus",0,0,0,0,0,0,0,0,0,0,0,0,0,0,0,0,0,1,0
"Cubiceps gracilis",0,0,1,0,0,0,0,0,0,0,0,0,0,0,0,0,0,0,0
"Cubiceps pauciradiatus",0,0,1,0,0,0,0,0,0,0,0,0,0,0,0,0,0,0,0
"Cucumaria frondosa",0,0,0,0,0,0,0,0,0,0,0,0,0,0,0,0,0,1,0
"Cuspidaria sp.",0,0,0,1,0,0,0,0,0,0,0,0,1,0,0,0,0,0,0
"Cyanea capillata",0,0,0,0,0,0,0,0,0,1,0,0,0,0,0,0,0,0,0
"Cyclocardia borealis",0,0,0,0,0,0,0,0,0,0,0,0,1,0,0,0,0,0,0
"Cyclopterus lumpus",0,0,1,0,0,0,0,0,0,0,0,0,0,0,0,0,0,0,0
"Cyrtodaria siliqua",0,0,0,0,0,0,0,0,0,0,0,0,1,0,0,0,0,0,0
"Cystophora cristata",0,1,0,0,0,0,0,0,0,0,0,0,0,0,0,0,0,0,0
"Cyttopsis rosea",0,0,1,0,0,0,0,0,0,0,0,0,0,0,0,0,0,0,0
"Delphinapterus leucas",0,1,0,0,0,0,0,0,0,0,0,0,0,0,0,0,0,0,0
"Delphinus delphis",0,1,0,0,0,0,0,0,0,0,0,0,0,0,0,0,0,0,0
"Dendronotus",0,0,0,0,0,1,0,0,0,0,0,0,0,0,0,0,0,0,0
"Dendronotus sp.",0,0,0,0,1,0,0,0,0,0,0,0,0,0,0,0,0,0,0
"Derichthys serpentinus",0,0,1,0,0,0,0,0,0,0,0,0,0,0,0,0,0,0,0
"Desmarestia aculeata",0,0,1,0,0,0,0,0,0,0,0,0,0,0,0,0,0,0,0
"Dibranchus atlanticus",0,0,1,0,0,0,0,0,0,0,0,0,0,0,0,0,0,0,0
"Dichelopandalus leptocerus",0,0,0,1,0,0,0,0,0,0,0,0,0,0,1,0,0,0,0
"Dicrolene introniger",0,0,1,0,0,0,0,0,0,0,0,0,0,0,0,0,0,0,0
"Diplopteraster multipes",0,0,0,0,0,0,0,0,0,0,0,0,0,0,0,0,0,1,0
"Dipturus laevis",0,0,1,0,0,0,0,0,0,0,0,0,0,0,0,0,0,0,0
"Dipturus linteus",0,0,0,0,1,0,0,0,0,0,0,0,0,0,0,0,0,0,0
"Doridoxa ingolfiana",0,0,0,0,0,1,0,0,0,0,0,0,0,0,0,0,0,0,0
"Drifa glomerata",0,0,0,0,0,0,0,1,0,0,0,0,0,0,0,0,0,0,0
"Duva florida",0,0,0,0,0,0,0,1,0,0,0,0,0,0,0,0,0,0,0
"Echinarachnius parma",0,0,0,0,0,0,0,0,0,0,0,0,0,0,0,0,0,1,0
"Echinus",0,0,0,0,0,0,0,0,0,0,0,0,0,0,0,0,0,1,0
"Echiodon dawsoni",0,0,1,0,0,0,0,0,0,0,0,0,0,0,0,0,0,0,0
"Ectreposebastes imus",0,0,1,0,0,0,0,0,0,0,0,0,0,0,0,0,0,0,0
"Enchelyopus cimbrius",0,0,1,0,0,0,0,0,0,0,0,0,0,0,0,0,0,0,0
"Ensis directus",0,0,0,0,0,0,0,0,0,0,0,0,0,1,0,0,0,0,0
"Ensis leei",0,0,0,0,0,0,0,0,0,0,0,0,1,0,0,0,0,0,0
"Epigonus",0,0,1,0,0,0,0,0,0,0,0,0,0,0,0,0,0,0,0
"Epimeria loricata",0,0,0,0,0,0,0,0,0,0,0,0,0,0,1,0,0,0,0
"Epizoanthus erdmanni",0,0,0,0,0,1,0,0,0,0,0,0,0,0,0,0,0,0,0
"Epizoanthus incrustatus",0,0,0,0,0,1,0,0,0,0,0,0,0,0,0,0,0,0,0
"Erignathus barbatus",0,1,0,0,0,0,0,0,0,0,0,0,0,0,0,0,0,0,0
"Etmopterus princeps",0,0,1,0,0,0,0,0,0,0,0,0,0,0,0,0,0,0,0
"Etropus microstomus",0,0,1,0,0,0,0,0,0,0,0,0,0,0,0,0,0,0,0
"Eualus fabricii",0,0,0,1,0,0,0,0,0,0,0,0,0,0,1,0,0,0,0
"Eualus gaimardii",0,0,0,1,0,0,0,0,0,0,0,0,0,0,1,0,0,0,0
"Eualus macilentus",0,0,0,1,0,0,0,0,0,0,0,0,0,0,1,0,0,0,0
"Eubalaena glacialis",0,1,0,0,0,0,0,0,0,0,0,0,0,0,0,0,0,0,0
"Eudistoma vitreum",0,0,0,0,0,1,0,0,0,0,0,0,0,0,0,0,0,0,0
"Eumesogrammus praecisus",0,0,1,0,0,0,0,0,0,0,0,0,0,0,0,0,0,0,0
"Eumicrotremus derjugini",0,0,1,0,0,0,0,0,0,0,0,0,0,0,0,0,0,0,0
"Eumicrotremus spinosus",0,0,1,0,0,0,0,0,0,0,0,0,0,0,0,0,0,0,0
"Euphausia",0,0,0,1,0,0,0,0,0,0,0,0,0,0,1,0,0,0,0
"Eurypharynx pelecanoides",0,0,1,0,0,0,0,0,0,0,0,0,0,0,0,0,0,0,0
"Eusergestes arcticus",0,0,0,1,0,0,0,0,0,0,0,0,0,0,1,0,0,0,0
"Eusirus cuspidatus",0,0,0,1,0,0,0,0,0,0,0,0,0,0,1,0,0,0,0
"Evermannella indica",0,0,1,0,0,0,0,0,0,0,0,0,0,0,0,0,0,0,0
"Flabellum",0,0,0,0,0,0,0,0,0,0,0,0,1,0,0,0,0,0,0
"Flabellum sp.",0,0,0,0,0,0,0,0,0,0,0,0,1,0,0,0,0,0,0
"Flustra foliacea",0,0,0,0,0,0,0,1,0,0,0,0,0,0,0,0,0,0,0
"Foetorepus agassizi",0,1,0,0,0,0,0,0,0,0,0,0,0,0,0,0,0,0,0
"Fucus distichus",0,0,1,0,0,0,0,0,0,0,0,0,0,0,0,0,0,0,0
"Fucus vesiculosus",0,0,1,0,0,0,0,0,0,0,0,0,0,0,0,0,0,0,0
"Funiculina quadrangularis",0,0,0,0,0,0,0,0,0,0,0,0,0,0,0,0,1,0,0
"Gadus morhua",0,0,1,0,0,0,0,0,0,0,0,0,0,0,0,0,0,0,0
"Gadus ogac",0,0,1,0,0,0,0,0,0,0,0,0,0,0,0,0,0,0,0
"Gaidropsarus",0,0,1,0,0,0,0,0,0,0,0,0,0,0,0,0,0,0,0
"Gaidropsarus sp.",0,0,1,0,0,0,0,0,0,0,0,0,0,0,0,0,0,0,0
"Gasterosteus aculeatus aculeatus",0,0,1,0,0,0,0,0,0,0,0,0,0,0,0,0,0,0,0
"Gennadas",0,0,0,1,0,0,0,0,0,0,0,0,0,0,1,0,0,0,0
"Gersemia fruticosa",0,0,0,0,0,0,0,0,0,0,1,0,0,0,0,0,1,0,0
"Gersemia rubiformis",0,0,0,0,0,0,0,1,0,0,0,0,0,0,0,0,0,0,0
"Globicephala melas",0,1,0,0,0,0,0,0,0,0,0,0,0,0,0,0,0,0,0
"Glycera capitata",0,0,0,0,1,0,0,0,0,0,0,0,0,0,0,0,0,0,0
"Glyptocephalus cynoglossus",0,0,1,0,0,0,0,0,0,0,0,0,0,0,0,0,0,0,0
"Gnathophausia",0,0,0,1,0,0,0,0,0,0,0,0,0,0,1,0,0,0,0
"Gonatus fabricii",0,0,0,0,0,0,1,0,0,0,0,0,0,0,0,0,0,0,0
"Gonatus steenstrupi",0,0,0,0,0,0,1,0,0,0,0,0,0,0,0,0,0,0,0
"Gonostomatidae",0,0,1,0,0,0,0,0,0,0,0,0,0,0,0,0,0,0,0
"Gorgonocephalus",0,0,0,0,0,0,0,0,0,0,0,0,0,0,0,0,0,1,0
"Gorgonocephalus sp.",0,0,0,0,0,0,0,0,0,0,0,0,0,0,0,0,0,1,0
"Grammatostomias dentatus",0,0,1,0,0,0,0,0,0,0,0,0,0,0,0,0,0,0,0
"Grammicolepis brachiusculus",0,0,1,0,0,0,0,0,0,0,0,0,0,0,0,0,0,0,0
"Grampus griseus",0,1,0,0,0,0,0,0,0,0,0,0,0,0,0,0,0,0,0
"Gymnelis viridis",0,1,0,0,0,0,0,0,0,0,0,0,0,0,0,0,0,0,0
"Gymnelus viridis",0,0,1,0,0,0,0,0,0,0,0,0,0,0,0,0,0,0,0
"Gymnocanthus tricuspis",0,0,1,0,0,0,0,0,0,0,0,0,0,0,0,0,0,0,0
"Halargyreus johnsonii",0,0,1,0,0,0,0,0,0,0,0,0,0,0,0,0,0,0,0
"Halichoerus grypus",0,1,0,0,0,0,0,0,0,0,0,0,0,0,0,0,0,0,0
"Halichondria panicea",1,0,0,0,0,0,0,0,0,0,0,0,0,0,0,0,0,0,0
"Halieutichthys aculeatus",0,0,1,0,0,0,0,0,0,0,0,0,0,0,0,0,0,0,0
"Halipteris finmarchica",0,0,0,0,0,0,0,1,0,0,0,0,0,0,0,0,0,0,0
"Halosauropsis macrochir",0,0,1,0,0,0,0,0,0,0,0,0,0,0,0,0,0,0,0
"Halosaurus guentheri",0,0,1,0,0,0,0,0,0,0,0,0,0,0,0,0,0,0,0
"Hamingia arctica",0,0,0,0,0,1,0,0,0,0,0,0,0,0,0,0,0,0,0
"Harriotta raleighana",0,0,1,0,0,0,0,0,0,0,0,0,0,0,0,0,0,0,0
"Helicolenus dactylopterus",0,0,1,0,0,0,0,0,0,0,0,0,0,0,0,0,0,0,0
"Heliometra glacialis",0,0,0,0,0,0,0,0,0,0,0,0,0,0,0,0,0,1,0
"Hemithiris psittacea",0,0,0,0,0,0,0,1,0,0,0,0,0,0,0,0,0,0,0
"Hemitripterus americanus",0,0,1,0,0,0,0,0,0,0,0,0,0,0,0,0,0,0,0
"Henricia",0,0,0,0,0,0,0,0,0,0,0,0,0,0,0,0,0,1,0
"Henricia sp.",0,0,0,0,0,0,0,0,0,0,0,0,0,0,0,0,0,1,0
"Heteropolypus",0,0,0,0,0,0,0,0,0,0,0,0,0,0,0,0,1,0,0
"Hiatella arctica",0,0,0,0,0,0,0,0,0,0,0,0,1,0,0,0,0,0,0
"Hippasteria phrygiana",0,0,0,0,0,0,0,0,0,0,0,0,0,0,0,0,0,1,0
"Hippocampus erectus",0,0,1,0,0,0,0,0,0,0,0,0,0,0,0,0,0,0,0
"Hippoglossina oblonga",0,0,1,0,0,0,0,0,0,0,0,0,0,0,0,0,0,0,0
"Hippoglossoides platessoides",0,0,1,0,0,0,0,0,0,0,0,0,0,0,0,0,0,0,0
"Hippoglossus hippoglossus",0,0,1,0,0,0,0,0,0,0,0,0,0,0,0,0,0,0,0
"Histioteuthis reversa",0,0,0,0,0,0,1,0,0,0,0,0,0,0,0,0,0,0,0
"Holtbyrnia anomala",0,0,1,0,0,0,0,0,0,0,0,0,0,0,0,0,0,0,0
"Homarus americanus",0,0,0,1,0,0,0,0,0,0,0,0,0,0,1,0,0,0,0
"Homola minima",0,0,0,1,0,0,0,0,0,0,0,0,0,0,1,0,0,0,0
"Hoplostethus atlanticus",0,0,1,0,0,0,0,0,0,0,0,0,0,0,0,0,0,0,0
"Hormathia nodosa",0,0,0,0,0,1,0,0,0,0,0,0,0,0,0,0,0,0,0
"Howella brodiei",0,0,1,0,0,0,0,0,0,0,0,0,0,0,0,0,0,0,0
"Howella sherborni",0,0,1,0,0,0,0,0,0,0,0,0,0,0,0,0,0,0,0
"Hyalinoecia tubicola",0,0,0,0,0,0,1,0,0,0,0,0,0,0,0,0,0,0,0
"Hyas araneus",0,0,0,1,0,0,0,0,0,0,0,0,0,0,1,0,0,0,0
"Hyas coarctatus",0,0,0,1,0,0,0,0,0,0,0,0,0,0,1,0,0,0,0
"Hydrolagus affinis",0,0,1,0,0,0,0,0,0,0,0,0,0,0,0,0,0,0,0
"Hymenopenaeus debilis",0,0,0,1,0,0,0,0,0,0,0,0,0,0,1,0,0,0,0
"Hyperia galba",0,0,0,1,0,0,0,0,0,0,0,0,0,0,1,0,0,0,0
"Hyperoglyphe perciformis",0,0,1,0,0,0,0,0,0,0,0,0,0,0,0,0,0,0,0
"Hyperoodon ampullatus",0,1,0,0,0,0,0,0,0,0,0,0,0,0,0,0,0,0,0
"Icelus",0,0,1,0,0,0,0,0,0,0,0,0,0,0,0,0,0,0,0
"Icelus sp.",0,0,1,0,0,0,0,0,0,0,0,0,0,0,0,0,0,0,0
"Ichnopus",0,0,0,1,0,0,0,0,0,0,0,0,0,0,1,0,0,0,0
"Idotea",0,0,0,1,0,0,0,0,0,0,0,0,0,0,1,0,0,0,0
"Illex illecebrosus",0,0,0,0,0,0,1,0,0,0,0,0,0,0,0,0,0,0,0
"Ilyophis brunneus",0,0,1,0,0,0,0,0,0,0,0,0,0,0,0,0,0,0,0
"Isurus oxyrinchus",0,0,1,0,0,0,0,0,0,0,0,0,0,0,0,0,0,0,0
"Kajikia albida",0,0,1,0,0,0,0,0,0,0,0,0,0,0,0,0,0,0,0
"Keratoisis ornata",0,0,0,0,0,0,0,1,0,0,0,0,0,0,0,0,0,0,0
"Kogia breviceps",0,1,0,0,0,0,0,0,0,0,0,0,0,0,0,0,0,0,0
"Laemonema barbatulum",0,0,1,0,0,0,0,0,0,0,0,0,0,0,0,0,0,0,0
"Lagenorhynchus acutus",0,1,0,0,0,0,0,0,0,0,0,0,0,0,0,0,0,0,0
"Lagenorhynchus albirostris",0,1,0,0,0,0,0,0,0,0,0,0,0,0,0,0,0,0,0
"Laminaria digitata",0,0,1,0,0,0,0,0,0,0,0,0,0,0,0,0,0,0,0
"Laminaria longicruris",0,0,0,0,0,1,0,0,0,0,0,0,0,0,0,0,0,0,0
"Lamna nasus",0,0,1,0,0,0,0,0,0,0,0,0,0,0,0,0,0,0,0
"Lampanyctus sp.",0,0,1,0,0,0,0,0,0,0,0,0,0,0,0,0,0,0,0
"Larus sp.",0,1,0,0,0,0,0,0,0,0,0,0,0,0,0,0,0,0,0
"Leathesia difformis",0,0,0,0,0,1,0,0,0,0,0,0,0,0,0,0,0,0,0
"Lebbeus groenlandicus",0,0,0,1,0,0,0,0,0,0,0,0,0,0,1,0,0,0,0
"Lebbeus microceros",0,0,0,1,0,0,0,0,0,0,0,0,0,0,1,0,0,0,0
"Lebbeus polaris",0,0,0,1,0,0,0,0,0,0,0,0,0,0,1,0,0,0,0
"Lebbeus zebra",0,0,0,0,0,0,0,0,0,0,0,0,0,0,1,0,0,0,0
"Lepidion schmidti",0,0,1,0,0,0,0,0,0,0,0,0,0,0,0,0,0,0,0
"Lepophidium profundorum",0,0,1,0,0,0,0,0,0,0,0,0,0,0,0,0,0,0,0
"Leptagonus decagonus",0,0,1,0,0,0,0,0,0,0,0,0,0,0,0,0,0,0,0
"Leptasterias",0,0,0,0,0,0,0,0,0,0,0,0,0,0,0,0,0,1,0
"Leptasterias sp.",0,0,0,0,0,0,0,0,0,0,0,0,0,0,0,0,0,1,0
"Leptoclinus maculatus",0,0,1,0,0,0,0,0,0,0,0,0,0,0,0,0,0,0,0
"Leptychaster arcticus",0,0,0,0,0,0,0,0,0,0,0,0,0,0,0,0,0,1,0
"Leucoraja erinacea",0,0,1,0,0,0,0,0,0,0,0,0,0,0,0,0,0,0,0
"Leucoraja ocellata",0,0,1,0,0,0,0,0,0,0,0,0,0,0,0,0,0,0,0
"Limacina",0,0,0,0,0,0,0,0,0,0,0,0,0,0,1,0,0,0,0
"Limanda ferruginea",0,0,1,0,0,0,0,0,0,0,0,0,0,0,0,0,0,0,0
"Liopsetta putnami",0,1,0,0,0,0,0,0,0,0,0,0,0,0,0,0,0,0,0
"Liparis atlanticus",0,0,1,0,0,0,0,0,0,0,0,0,0,0,0,0,0,0,0
"Liparis coheni",0,0,1,0,0,0,0,0,0,0,0,0,0,0,0,0,0,0,0
"Liparis fabricii",0,0,1,0,0,0,0,0,0,0,0,0,0,0,0,0,0,0,0
"Liparis gibbus",0,0,1,0,0,0,0,0,0,0,0,0,0,0,0,0,0,0,0
"Liparis inquilinus",0,0,1,0,0,0,0,0,0,0,0,0,0,0,0,0,0,0,0
"Liparis liparis liparis",0,0,1,0,0,0,0,0,0,0,0,0,0,0,0,0,0,0,0
"Liparis tunicatus",0,0,1,0,0,0,0,0,0,0,0,0,0,0,0,0,0,0,0
"Lipogenys gillii",0,0,1,0,0,0,0,0,0,0,0,0,0,0,0,0,0,0,0
"Liponema multicorne",0,0,0,0,0,1,0,0,0,0,0,0,0,0,0,0,0,0,0
"Lithodes maja",0,0,0,1,0,0,0,0,0,0,0,0,0,0,1,0,0,0,0
"Loligo pealeii",0,0,0,0,0,0,1,0,0,0,0,0,0,0,0,0,0,0,0
"Lophaster furcifer",0,0,0,0,0,0,0,0,0,0,0,0,0,0,0,0,0,1,0
"Lophelia pertusa",0,0,0,0,0,0,0,0,0,0,0,0,1,0,0,0,0,0,0
"Lophius americanus",0,0,1,0,0,0,0,0,0,0,0,0,0,0,0,0,0,0,0
"Lopholatilus chamaeleonticeps",0,0,1,0,0,0,0,0,0,0,0,0,0,0,0,0,0,0,0
"Lumpenus fabricii",0,0,1,0,0,0,0,0,0,0,0,0,0,0,0,0,0,0,0
"Lumpenus lampretaeformis",0,0,1,0,0,0,0,0,0,0,0,0,0,0,0,0,0,0,0
"Lumpenus lumpretaeformis",0,1,0,0,0,0,0,0,0,0,0,0,0,0,0,0,0,0,0
"Lumpenus maculatus",0,1,0,0,0,0,0,0,0,0,0,0,0,0,0,0,0,0,0
"Lumpenus medius",0,1,0,0,0,0,0,0,0,0,0,0,0,0,0,0,0,0,0
"Lycenchelys paxillus",0,0,1,0,0,0,0,0,0,0,0,0,0,0,0,0,0,0,0
"Lycenchelys verrilli",0,1,0,0,0,0,0,0,0,0,0,0,0,0,0,0,0,0,0
"Lycenchelys verrillii",0,0,1,0,0,0,0,0,0,0,0,0,0,0,0,0,0,0,0
"Lycodes esmarki",0,1,0,0,0,0,0,0,0,0,0,0,0,0,0,0,0,0,0
"Lycodes eudipleurostictus",0,0,1,0,0,0,0,0,0,0,0,0,0,0,0,0,0,0,0
"Lycodes lavalaei",0,0,1,0,0,0,0,0,0,0,0,0,0,0,0,0,0,0,0
"Lycodes pallidus",0,0,1,0,0,0,0,0,0,0,0,0,0,0,0,0,0,0,0
"Lycodes polaris",0,0,1,0,0,0,0,0,0,0,0,0,0,0,0,0,0,0,0
"Lycodes reticulatus",0,0,1,0,0,0,0,0,0,0,0,0,0,0,0,0,0,0,0
"Lycodes terraenova",0,0,1,0,0,0,0,0,0,0,0,0,0,0,0,0,0,0,0
"Lycodes terraenovae",0,0,1,0,0,0,0,0,0,0,0,0,0,0,0,0,0,0,0
"Lycodes turneri",0,0,1,0,0,0,0,0,0,0,0,0,0,0,0,0,0,0,0
"Lycodes vahlii",0,0,1,0,0,0,0,0,0,0,0,0,0,0,0,0,0,0,0
"Macoma sp.",0,0,0,0,0,0,0,0,0,0,0,0,1,0,0,0,0,0,0
"Macrorhamphosus scolopax",0,1,0,0,0,0,0,0,0,0,0,0,0,0,0,0,0,0,0
"Macrostomias longibarbatus",0,1,0,0,0,0,0,0,0,0,0,0,0,0,0,0,0,0,0
"Macrourus berglax",0,0,1,0,0,0,0,0,0,0,0,0,0,0,0,0,0,0,0
"Mactromeris polynyma",0,0,0,0,0,0,0,0,0,0,0,0,1,0,0,0,0,0,0
"Maera loveni",0,0,0,1,0,0,0,0,0,0,0,0,0,0,1,0,0,0,0
"Magnisudis atlantica",0,0,1,0,0,0,0,0,0,0,0,0,0,0,0,0,0,0,0
"Malacocephalus occidentalis",0,0,1,0,0,0,0,0,0,0,0,0,0,0,0,0,0,0,0
"Malacoraja senta",0,0,1,0,0,0,0,0,0,0,0,0,0,0,0,0,0,0,0
"Malacosteus niger",0,0,1,0,0,0,0,0,0,0,0,0,0,0,0,0,0,0,0
"Mallotus villosus",0,0,1,0,0,0,0,0,0,0,0,0,0,0,0,0,0,0,0
"Margarites",0,0,0,0,0,0,0,0,0,0,0,0,0,0,1,0,0,0,0
"Margarites sp.",0,0,0,0,1,0,0,0,0,0,0,0,0,0,0,0,0,0,0
"Mastigoteuthis",0,0,0,0,0,0,1,0,0,0,0,0,0,0,0,0,0,0,0
"Maurolicus muelleri",0,0,1,0,0,0,0,0,0,0,0,0,0,0,0,0,0,0,0
"Mediaster bairdi",0,0,0,0,0,0,0,0,0,0,0,0,0,0,0,0,0,1,0
"Megaptera novaeangliae",0,1,0,0,0,0,0,0,0,0,0,0,0,0,0,0,0,0,0
"Megayoldia thraciaeformis",0,0,0,0,0,0,0,0,0,0,0,0,1,0,0,0,0,0,0
"Melamphaes microps",0,0,1,0,0,0,0,0,0,0,0,0,0,0,0,0,0,0,0
"Melamphaes suborbitalis",0,0,1,0,0,0,0,0,0,0,0,0,0,0,0,0,0,0,0
"Melanogrammus aeglefinus",0,0,1,0,0,0,0,0,0,0,0,0,0,0,0,0,0,0,0
"Melanostigma atlanticum",0,0,1,0,0,0,0,0,0,0,0,0,0,0,0,0,0,0,0
"Melita dentata",0,0,0,0,0,0,0,0,0,0,0,0,0,0,1,0,0,0,0
"Menidia menidia",0,0,1,0,0,0,0,0,0,0,0,0,0,0,0,0,0,0,0
"Mentodus rostratus",0,0,1,0,0,0,0,0,0,0,0,0,0,0,0,0,0,0,0
"Mercenaria mercenaria",0,0,0,0,0,0,0,0,0,0,0,0,1,0,0,0,0,0,0
"Merluccius albidus",0,0,1,0,0,0,0,0,0,0,0,0,0,0,0,0,0,0,0
"Merluccius bilinearis",0,0,1,0,0,0,0,0,0,0,0,0,0,0,0,0,0,0,0
"Mesodesma sp.",0,0,0,0,0,0,0,0,0,0,0,0,1,0,0,0,0,0,0
"Metridium senile",0,0,0,0,0,1,0,0,0,0,0,0,0,0,0,0,0,0,0
"Microgadus tomcod",0,0,1,0,0,0,0,0,0,0,0,0,0,0,0,0,0,0,0
"Micromesistius poutassou",0,0,1,0,0,0,0,0,0,0,0,0,0,0,0,0,0,0,0
"Modiolus modiolus",0,0,0,1,0,0,0,0,0,0,0,0,1,0,1,0,0,0,0
"Mola mola",0,0,1,0,0,0,0,0,0,0,0,0,0,0,0,0,0,0,0
"Molpadia",0,0,0,0,0,0,0,0,0,0,0,0,0,0,0,0,0,1,1
"Molpadia sp.",0,0,0,0,0,0,0,0,0,0,0,0,0,0,0,0,0,1,1
"Molva dypterygia",0,0,1,0,0,0,0,0,0,0,0,0,0,0,0,0,0,0,0
"Monodon monoceros",0,1,0,0,0,0,0,0,0,0,0,0,0,0,0,0,0,0,0
"Monolene sessilicauda",0,0,1,0,0,0,0,0,0,0,0,0,0,0,0,0,0,0,0
"Monstrilla",0,0,0,1,0,0,0,0,0,0,0,0,0,0,0,0,0,0,0
"Morone saxatilis",0,0,1,0,0,0,0,0,0,0,0,0,0,0,0,0,0,0,0
"Morus bassanus",0,1,0,0,0,0,0,0,0,0,0,0,0,0,0,0,0,0,0
"Mugil cephalus",0,0,1,0,0,0,0,0,0,0,0,0,0,0,0,0,0,0,0
"Munida iris",0,0,0,0,1,0,0,0,0,0,0,0,0,0,0,0,0,0,0
"Munida valida",0,0,0,0,0,0,0,0,0,0,0,0,0,0,1,0,0,0,0
"Munidopsis curvirostra",0,0,0,1,0,0,0,0,0,0,0,0,0,0,1,0,0,0,0
"Musculus",0,0,0,1,0,0,0,0,0,0,0,0,1,0,1,0,0,0,0
"Musculus sp.",0,0,0,1,0,0,0,0,0,0,0,0,1,0,1,0,0,0,0
"Mustelus canis",0,0,1,0,0,0,0,0,0,0,0,0,0,0,0,0,0,0,0
"Mya arenaria",0,0,0,0,0,0,0,0,0,0,0,0,1,0,0,0,0,0,0
"Mya truncata",0,0,0,0,0,0,0,0,0,0,0,0,1,0,0,0,0,0,0
"Mycteroperca",0,0,1,0,0,0,0,0,0,0,0,0,0,0,0,0,0,0,0
"Myctophidae",0,0,1,0,0,0,0,0,0,0,0,0,0,0,0,0,0,0,0
"Myoxocephalus",0,0,1,0,0,0,0,0,0,0,0,0,0,0,0,0,0,0,0
"Myoxocephalus sp.",0,0,1,0,0,0,0,0,0,0,0,0,0,0,0,0,0,0,0
"Mytilus",0,0,0,1,0,0,0,0,0,0,0,0,1,0,1,0,0,0,0
"Mytilus sp.",0,0,0,1,0,0,0,0,0,0,0,0,1,0,1,0,0,0,0
"Myxine glutinosa",0,0,1,0,0,0,0,0,0,0,0,0,0,0,0,0,0,0,0
"Naticidae",0,0,0,0,0,0,0,0,0,0,0,0,0,0,1,0,0,0,0
"Naucrates ductor",0,0,1,0,0,0,0,0,0,0,0,0,0,0,0,0,0,0,0
"Nealotus tripes",0,0,1,0,0,0,0,0,0,0,0,0,0,0,0,0,0,0,0
"Nemichthys scolopaceus",0,0,1,0,0,0,0,0,0,0,0,0,0,0,0,0,0,0,0
"Neocyttus helgae",0,0,1,0,0,0,0,0,0,0,0,0,0,0,0,0,0,0,0
"Neohela monstrosa",0,0,0,1,0,0,0,0,0,0,0,0,0,0,1,0,0,0,0
"Neolithodes grimaldii",0,0,0,1,0,0,0,0,0,0,0,0,0,0,1,0,0,0,0
"Neoscopelus macrolepidotus",0,0,1,0,0,0,0,0,0,0,0,0,0,0,0,0,0,0,0
"Neptunea",0,0,0,0,0,0,0,0,0,0,0,0,0,0,1,0,0,0,0
"Neptunea sp.",0,0,0,0,1,0,0,0,0,0,0,0,0,0,0,0,0,0,0
"Nessorhamphus ingolfianus",0,0,1,0,0,0,0,0,0,0,0,0,0,0,0,0,0,0,0
"Nezumia aequalis",0,0,1,0,0,0,0,0,0,0,0,0,0,0,0,0,0,0,0
"Nezumia bairdii",0,0,1,0,0,0,0,0,0,0,0,0,0,0,0,0,0,0,0
"Notacanthus chemnitzii",0,0,1,0,0,0,0,0,0,0,0,0,0,0,0,0,0,0,0
"Notolepis rissoi",0,1,0,0,0,0,0,0,0,0,0,0,0,0,0,0,0,0,0
"Novodinia americana",0,0,0,0,0,0,0,0,0,0,0,0,0,0,0,0,0,1,0
"Nucella lapillus",0,0,0,0,0,0,0,0,0,0,0,0,0,0,1,0,0,0,0
"Nucula",0,0,0,0,0,0,0,0,0,0,0,0,1,0,0,0,0,0,0
"Nuculana sp.",0,0,0,0,0,0,0,0,0,0,0,0,1,0,0,0,0,0,0
"Nymphon",0,0,0,0,0,1,0,0,0,0,0,0,0,0,0,0,0,0,0
"Nymphon sp.",0,0,0,0,1,0,0,0,0,0,0,0,0,0,0,0,0,0,0
"Oceanites sp.",0,1,0,0,0,0,0,0,0,0,0,0,0,0,0,0,0,0,0
"Octopoteuthis",0,0,0,0,0,0,1,0,0,0,0,0,0,0,0,0,0,0,0
"Odobenus rosmarus",0,1,0,0,0,0,0,0,0,0,0,0,0,0,0,0,0,0,0
"Oediceros saginatus",0,0,0,1,0,0,0,0,0,0,0,0,0,0,1,0,0,0,0
"Oithona spinirostris",0,0,0,1,0,0,0,0,0,0,0,0,0,0,0,0,0,0,0
"Ommastrephes",0,0,0,0,0,0,1,0,0,0,0,0,0,0,0,0,0,0,0
"Ommastrephes sp.",0,0,0,0,1,0,0,0,0,0,0,0,0,0,0,0,0,0,0
"Omosudis lowii",0,0,1,0,0,0,0,0,0,0,0,0,0,0,0,0,0,0,0
"Oncopagurus",0,0,0,1,0,0,0,0,0,0,0,0,0,0,1,0,0,0,0
"Oneirodes",0,0,1,0,0,0,0,0,0,0,0,0,0,0,0,0,0,0,0
"Ophelia",0,0,0,0,1,0,0,0,0,0,0,0,0,0,0,0,0,0,0
"Ophiacantha abyssicola",0,0,0,0,0,0,0,0,0,0,0,0,0,0,0,0,0,1,0
"Ophiacantha bidentata",0,0,0,0,0,0,0,0,0,0,0,0,0,0,0,0,0,1,0
"Ophichthus cruentifer",0,0,1,0,0,0,0,0,0,0,0,0,0,0,0,0,0,0,0
"Ophiomusa lymani",0,0,0,0,0,0,0,0,0,0,0,0,0,0,0,0,0,1,0
"Ophiopholis aculeata",0,0,0,0,0,0,0,0,0,0,0,0,0,0,0,0,0,1,0
"Ophioscolex glacialis",0,0,0,0,0,0,0,0,0,0,0,0,0,0,0,0,0,1,0
"Ophiura",0,0,0,0,0,0,0,0,0,0,0,0,0,0,0,0,0,1,0
"Ophiura sp.",0,0,0,0,0,0,0,0,0,0,0,0,0,0,0,0,0,1,0
"Oplophorus spinosus",0,0,0,1,0,0,0,0,0,0,0,0,0,0,1,0,0,0,0
"Orcinus orca",0,1,0,0,0,0,0,0,0,0,0,0,0,0,0,0,0,0,0
"Osmerus mordax mordax",0,0,1,0,0,0,0,0,0,0,0,0,0,0,0,0,0,0,0
"Ovalipes ocellatus",0,0,0,1,0,0,0,0,0,0,0,0,0,0,1,0,0,0,0
"Pachycerianthus borealis",0,0,0,0,0,1,0,0,0,0,0,0,0,0,0,0,0,0,0
"Pagophilus groenlandicus",0,1,0,0,0,0,0,0,0,0,0,0,0,0,0,0,0,0,0
"Pagurus",0,0,0,1,0,0,0,0,0,0,0,0,0,0,1,0,0,0,0
"Pagurus sp.",0,0,0,1,0,0,0,0,0,0,0,0,0,0,1,0,0,0,0
"Palio dubia",0,0,0,0,0,1,0,0,0,0,0,0,0,0,0,0,0,0,0
"Palmaria palmata",0,0,1,0,0,0,0,0,0,0,0,0,0,0,0,0,0,0,0
"Pandalus borealis",0,0,0,1,0,0,0,0,0,0,0,0,0,0,1,0,0,0,0
"Pandalus montagui",0,0,0,1,0,0,0,0,0,0,0,0,0,0,1,0,0,0,0
"Pandora gouldiana",0,0,0,1,0,0,0,0,0,0,0,0,1,0,0,0,0,0,0
"Panomya norvegica",0,0,0,0,0,0,0,0,0,0,0,0,1,0,0,0,0,0,0
"Parablennius marmoreus",0,0,1,0,0,0,0,0,0,0,0,0,0,0,0,0,0,0,0
"Paragorgia arborea",0,0,0,0,0,0,0,0,0,0,0,0,0,0,0,0,1,0,0
"Paralepis atlantica",0,1,0,0,0,0,0,0,0,0,0,0,0,0,0,0,0,0,0
"Paralepis elongata",0,0,1,0,0,0,0,0,0,0,0,0,0,0,0,0,0,0,0
"Paralichthys dentatus",0,0,1,0,0,0,0,0,0,0,0,0,0,0,0,0,0,0,0
"Paraliparis calidus",0,0,1,0,0,0,0,0,0,0,0,0,0,0,0,0,0,0,0
"Paraliparis copei",0,0,1,0,0,0,0,0,0,0,0,0,0,0,0,0,0,0,0
"Paraliparis copei copei",0,0,1,0,0,0,0,0,0,0,0,0,0,0,0,0,0,0,0
"Paraliparis garmani",0,0,1,0,0,0,0,0,0,0,0,0,0,0,0,0,0,0,0
"Paramphithoe hystrix",0,0,0,1,0,0,0,0,0,0,0,0,0,0,1,0,0,0,0
"Parapasiphae sulcatifrons",0,0,0,1,0,0,0,0,0,0,0,0,0,0,1,0,0,0,0
"Parasudis truculenta",0,0,1,0,0,0,0,0,0,0,0,0,0,0,0,0,0,0,0
"Parathemisto",0,0,0,0,0,0,0,0,0,0,0,0,0,0,1,0,0,0,0
"Parvicardium pinnulatum",0,0,0,0,0,0,0,0,0,0,0,0,1,0,0,0,0,0,0
"Pasiphaea multidentata",0,0,0,1,0,0,0,0,0,0,0,0,0,0,1,0,0,0,0
"Pasiphaea tarda",0,0,0,1,0,0,0,0,0,0,0,0,0,0,1,0,0,0,0
"Pelagia noctiluca",0,0,0,0,0,0,0,0,0,1,0,0,0,0,0,0,0,0,0
"Pennatula aculeata",0,0,0,0,0,0,0,1,0,0,0,0,0,0,0,0,0,0,0
"Pennatula grandis",0,0,0,0,0,0,0,0,0,0,0,0,0,0,1,0,0,0,0
"Pentamera calcigera",0,0,0,0,0,0,0,0,0,0,0,0,0,0,0,0,0,1,0
"Peprilus triacanthus",0,0,1,0,0,0,0,0,0,0,0,0,0,0,0,0,0,0,0
"Periphylla periphylla",0,0,0,0,0,0,0,0,0,1,0,0,0,0,0,0,0,0,0
"Peristedion miniatum",0,0,1,0,0,0,0,0,0,0,0,0,0,0,0,0,0,0,0
"Petromyzon marinus",0,0,1,0,0,0,0,0,0,0,0,0,0,0,0,0,0,0,0
"Phascolion strombus strombus",0,0,0,0,0,1,0,0,0,0,0,0,0,0,0,0,0,0,0
"Phoca vitulina",0,1,0,0,0,0,0,0,0,0,0,0,0,0,0,0,0,0,0
"Phocoena phocoena",0,1,0,0,0,0,0,0,0,0,0,0,0,0,0,0,0,0,0
"Pholis fasciata",0,0,1,0,0,0,0,0,0,0,0,0,0,0,0,0,0,0,0
"Pholis gunnellus",0,0,1,0,0,0,0,0,0,0,0,0,0,0,0,0,0,0,0
"Photostomias guernei",0,0,1,0,0,0,0,0,0,0,0,0,0,0,0,0,0,0,0
"Phronima",0,0,0,1,0,0,0,0,0,0,0,0,0,0,1,0,0,0,0
"Phycis chesteri",0,0,1,0,0,0,0,0,0,0,0,0,0,0,0,0,0,0,0
"Physeter macrocephalus",0,1,0,0,0,0,0,0,0,0,0,0,0,0,0,0,0,0,0
"Plesionika martia",0,0,0,1,0,0,0,0,0,0,0,0,0,0,1,0,0,0,0
"Pleurobrachia pileus",0,0,0,0,0,1,0,0,0,0,0,0,0,0,0,0,0,0,0
"Plutonaster agassizi",0,0,0,0,0,0,0,0,0,0,0,0,0,0,0,0,0,1,0
"Pollachius virens",0,0,1,0,0,0,0,0,0,0,0,0,0,0,0,0,0,0,0
"Polyacanthonotus rissoanus",0,0,1,0,0,0,0,0,0,0,0,0,0,0,0,0,0,0,0
"Polycheles sculptus",0,0,0,0,0,0,0,0,0,0,0,0,0,0,1,0,0,0,0
"Polyipnus clarus",0,0,1,0,0,0,0,0,0,0,0,0,0,0,0,0,0,0,0
"Polymetme corythaeola",0,0,1,0,0,0,0,0,0,0,0,0,0,0,0,0,0,0,0
"Polymixia lowei",0,0,1,0,0,0,0,0,0,0,0,0,0,0,0,0,0,0,0
"Polymixia nobilis",0,0,1,0,0,0,0,0,0,0,0,0,0,0,0,0,0,0,0
"Polynoidae",0,0,0,0,0,1,0,0,0,0,0,0,0,0,0,0,0,0,0
"Pomatomus saltatrix",0,0,1,0,0,0,0,0,0,0,0,0,0,0,0,0,0,0,0
"Pontaster",0,0,0,0,0,0,0,0,0,0,0,0,0,0,0,0,0,1,0
"Pontophilus norvegicus",0,0,0,1,0,0,0,0,0,0,0,0,0,0,1,0,0,0,0
"Porania pulvillus",0,0,0,0,0,0,0,0,0,0,0,0,0,0,0,0,0,1,0
"Poraniomorpha",0,0,0,0,0,0,0,0,0,0,0,0,0,0,0,0,0,1,0
"Poraniomorpha sp.",0,0,0,0,0,0,0,0,0,0,0,0,0,0,0,0,0,1,0
"Porifera",1,0,0,0,0,0,0,0,0,0,0,0,0,0,0,0,0,0,0
"Poromitra crassiceps",0,0,1,0,0,0,0,0,0,0,0,0,0,0,0,0,0,0,0
"Potamilla neglecta",0,0,0,0,1,0,0,0,0,0,0,0,0,0,0,0,0,0,0
"Primnoa resedaeformis",0,0,0,0,0,0,0,0,0,0,0,0,0,0,0,0,1,0,0
"Prionace glauca",0,0,1,0,0,0,0,0,0,0,0,0,0,0,0,0,0,0,0
"Prionotus carolinus",0,0,1,0,0,0,0,0,0,0,0,0,0,0,0,0,0,0,0
"Pseudarchaster parelii",0,0,0,0,0,0,0,0,0,0,0,0,0,0,0,0,0,1,0
"Pseudopleuronectes americanus",0,0,1,0,0,0,0,0,0,0,0,0,0,0,0,0,0,0,0
"Pseudoscopelus",0,0,1,0,0,0,0,0,0,0,0,0,0,0,0,0,0,0,0
"Psilaster andromeda",0,0,0,0,0,0,0,0,0,0,0,0,0,0,0,0,0,1,0
"Psolus fabricii",0,0,0,0,0,0,0,0,0,0,0,0,0,0,0,0,0,1,0
"Psolus phantapus",0,0,0,0,0,0,0,0,0,0,0,0,0,0,0,0,0,1,0
"Pteraster militaris",0,0,0,0,0,0,0,0,0,0,0,0,0,0,0,0,0,1,0
"Pteraster obscurus",0,0,0,0,0,0,0,0,0,0,0,0,0,0,0,0,0,1,0
"Pteraster pulvillus",0,0,0,0,0,0,0,0,0,0,0,0,0,0,0,0,0,1,0
"Pterygioteuthis",0,0,0,0,0,0,1,0,0,0,0,0,0,0,0,0,0,0,0
"Ptychogena lactea",0,0,0,0,0,0,0,0,1,0,0,0,0,0,0,0,0,0,0
"Puffinus gravis",0,1,0,0,0,0,0,0,0,0,0,0,0,0,0,0,0,0,0
"Pusa hispida",0,1,0,0,0,0,0,0,0,0,0,0,0,0,0,0,0,0,0
"Pycnogonum litorale",0,0,0,0,1,0,0,0,0,0,0,0,0,0,0,0,0,0,0
"Pycnogonum littorale",0,0,0,0,0,1,0,0,0,0,0,0,0,0,0,0,0,0,0
"Radicipes gracilis",0,0,0,0,0,0,0,0,0,0,0,0,0,0,0,0,1,0,0
"Raja bathyphila",0,1,0,0,0,0,0,0,0,0,0,0,0,0,0,0,0,0,0
"Raja eglanteria",0,1,0,0,0,0,0,0,0,0,0,0,0,0,0,0,0,0,0
"Raja garmani",0,1,0,0,0,0,0,0,0,0,0,0,0,0,0,0,0,0,0
"Rajella fyllae",0,0,1,0,0,0,0,0,0,0,0,0,0,0,0,0,0,0,0
"Reinhardtius hippoglossoides",0,0,1,0,0,0,0,0,0,0,0,0,0,0,0,0,0,0,0
"Remora brachyptera",0,0,1,0,0,0,0,0,0,0,0,0,0,0,0,0,0,0,0
"Remora remora",0,0,1,0,0,0,0,0,0,0,0,0,0,0,0,0,0,0,0
"Reteporella grimaldii",0,0,0,0,0,0,0,0,0,0,0,0,0,0,1,0,0,0,0
"Rhachotropis aculeata",0,0,0,1,0,0,0,0,0,0,0,0,0,0,1,0,0,0,0
"Rhinochimaera atlantica",0,0,1,0,0,0,0,0,0,0,0,0,0,0,0,0,0,0,0
"Rondeletia loricata",0,0,1,0,0,0,0,0,0,0,0,0,0,0,0,0,0,0,0
"Rossia",0,0,1,0,0,0,0,0,0,0,0,0,0,0,0,0,0,0,0
"Rossia sp.",0,0,1,0,0,0,0,0,0,0,0,0,0,0,0,0,0,0,0
"Rouleina attrita",0,0,1,0,0,0,0,0,0,0,0,0,0,0,0,0,0,0,0
"Rouleina maderensis",0,0,1,0,0,0,0,0,0,0,0,0,0,0,0,0,0,0,0
"Sabinea sarsii",0,0,0,1,0,0,0,0,0,0,0,0,0,0,1,0,0,0,0
"Sabinea septemcarinata",0,0,0,1,0,0,0,0,0,0,0,0,0,0,1,0,0,0,0
"Saccorhiza dermatodea",0,0,1,0,0,0,0,0,0,0,0,0,0,0,0,0,0,0,0
"Salmo salar",0,0,1,0,0,0,0,0,0,0,0,0,0,0,0,0,0,0,0
"Saurida brasiliensis",0,0,1,0,0,0,0,0,0,0,0,0,0,0,0,0,0,0,0
"Scaphander punctostriatus",0,0,0,0,0,1,0,0,0,0,0,0,0,0,0,0,0,0,0
"Sclerasterias tanneri",0,0,0,0,0,0,0,0,0,0,0,0,0,0,0,0,0,1,0
"Sclerocrangon boreas",0,0,0,1,0,0,0,0,0,0,0,0,0,0,1,0,0,0,0
"Scomber scombrus",0,0,1,0,0,0,0,0,0,0,0,0,0,0,0,0,0,0,0
"Scomberesox saurus saurus",0,0,1,0,0,0,0,0,0,0,0,0,0,0,0,0,0,0,0
"Scopelarchus analis",0,0,1,0,0,0,0,0,0,0,0,0,0,0,0,0,0,0,0
"Scopeloberyx robustus",0,0,1,0,0,0,0,0,0,0,0,0,0,0,0,0,0,0,0
"Scopelogadus beanii",0,0,1,0,0,0,0,0,0,0,0,0,0,0,0,0,0,0,0
"Scopelosaurus lepidus",0,0,1,0,0,0,0,0,0,0,0,0,0,0,0,0,0,0,0
"Scophthalmus aquosus",0,0,1,0,0,0,0,0,0,0,0,0,0,0,0,0,0,0,0
"Scyliorhinus retifer",0,0,1,0,0,0,0,0,0,0,0,0,0,0,0,0,0,0,0
"Sebastes",0,0,1,0,0,0,0,0,0,0,0,0,0,0,0,0,0,0,0
"Sebastes sp.",0,0,1,0,0,0,0,0,0,0,0,0,0,0,0,0,0,0,0
"Securiflustra securifrons",0,0,0,0,0,0,0,0,0,0,0,0,0,0,1,0,0,0,0
"Selar crumenophthalmus",0,0,1,0,0,0,0,0,0,0,0,0,0,0,0,0,0,0,0
"Sepioloidea sp.",0,0,0,0,0,0,1,0,0,0,0,0,1,0,0,0,0,0,0
"Sergia robusta",0,0,0,0,0,0,0,0,0,0,0,0,0,0,0,1,0,0,0
"Seriola dumerili",0,0,1,0,0,0,0,0,0,0,0,0,0,0,0,0,0,0,0
"Serripes groenlandicus",0,0,0,0,0,0,0,0,0,0,0,0,1,0,0,0,0,0,0
"Serrivomer beanii",0,0,1,0,0,0,0,0,0,0,0,0,0,0,0,0,0,0,0
"Sertularia polyzonias",0,0,0,0,0,0,0,0,1,0,0,0,0,0,0,0,0,0,0
"Setarches guentheri",0,0,1,0,0,0,0,0,0,0,0,0,0,0,0,0,0,0,0
"Siliqua",0,0,0,0,0,0,0,0,0,0,0,0,0,1,0,0,0,0,0
"Simenchelys parasitica",0,0,1,0,0,0,0,0,0,0,0,0,0,0,0,0,0,0,0
"Similipecten greenlandicus",0,0,0,1,0,0,0,0,0,0,0,0,1,0,1,0,0,0,0
"Solaster endeca",0,0,0,0,0,0,0,0,0,0,0,0,0,0,0,0,0,1,0
"Solemya borealis",0,0,0,0,0,0,0,0,0,0,0,0,1,0,0,0,0,0,0
"Somniosus microcephalus",0,0,1,0,0,0,0,0,0,0,0,0,0,0,0,0,0,0,0
"Sphoeroides maculatus",0,0,1,0,0,0,0,0,0,0,0,0,0,0,0,0,0,0,0
"Spinolambrus pourtalesii",0,0,0,1,0,0,0,0,0,0,0,0,0,0,1,0,0,0,0
"Spirontocaris fabricii",0,0,0,0,0,0,0,0,0,0,0,0,0,0,1,0,0,0,0
"Spirontocaris liljeborgii",0,0,0,1,0,0,0,0,0,0,0,0,0,0,1,0,0,0,0
"Spirontocaris phippsii",0,0,0,1,0,0,0,0,0,0,0,0,0,0,1,0,0,0,0
"Spirontocaris spinus",0,0,0,1,0,0,0,0,0,0,0,0,0,0,1,0,0,0,0
"Spisula solidissima",0,0,0,0,0,0,0,0,0,0,0,0,1,0,0,0,0,0,0
"Squalus acanthias",0,0,1,0,0,0,0,0,0,0,0,0,0,0,0,0,0,0,0
"Staurostoma mertensii",0,0,0,0,0,0,0,0,1,0,0,0,0,0,0,0,0,0,0
"Stauroteuthis syrtensis",0,0,0,0,0,0,1,0,0,0,0,0,0,0,0,0,0,0,0
"Stegocephalus inflatus",0,0,0,1,0,0,0,0,0,0,0,0,0,0,1,0,0,0,0
"Stenella coeruleoalba",0,1,0,0,0,0,0,0,0,0,0,0,0,0,0,0,0,0,0
"Stenella frontalis",0,1,0,0,0,0,0,0,0,0,0,0,0,0,0,0,0,0,0
"Stenotomus chrysops",0,0,1,0,0,0,0,0,0,0,0,0,0,0,0,0,0,0,0
"Stephanasterias albula",0,0,0,0,0,0,0,0,0,0,0,0,0,0,0,0,0,1,0
"Stephanauge sp.",0,0,0,0,0,1,0,0,0,0,0,0,0,0,0,0,0,0,0
"Stephanolepis hispidus",0,1,0,0,0,0,0,0,0,0,0,0,0,0,0,0,0,0,0
"Stereoderma unisemita",0,0,0,0,0,0,0,0,0,0,0,0,0,0,0,0,0,1,0
"Stereomastis sculpta",0,0,0,1,0,0,0,0,0,0,0,0,0,0,1,0,0,0,0
"Sternoptyx diaphana",0,0,1,0,0,0,0,0,0,0,0,0,0,0,0,0,0,0,0
"Stichaeus punctatus",0,0,1,0,0,0,0,0,0,0,0,0,0,0,0,0,0,0,0
"Stichaeus punctatus punctatus",0,0,1,0,0,0,0,0,0,0,0,0,0,0,0,0,0,0,0
"Stomias boa ferox",0,0,1,0,0,0,0,0,0,0,0,0,0,0,0,0,0,0,0
"Stomphia coccinea",0,0,0,0,0,1,0,0,0,0,0,0,0,0,0,0,0,0,0
"Strongylocentrotus",0,0,0,0,0,0,0,0,0,0,0,0,0,0,0,0,0,1,0
"Strongylocentrotus sp.",0,0,0,0,0,0,0,0,0,0,0,0,0,0,0,0,0,1,0
"Stylocordyla borealis",1,0,0,0,0,0,0,0,0,0,0,0,0,0,0,0,0,0,0
"Symbolophorus veranyi",0,0,1,0,0,0,0,0,0,0,0,0,0,0,0,0,0,0,0
"Symphurus diomedeanus",0,0,1,0,0,0,0,0,0,0,0,0,0,0,0,0,0,0,0
"Synagrops bella",0,1,0,0,0,0,0,0,0,0,0,0,0,0,0,0,0,0,0
"Synaphobranchus kaupi",0,1,0,0,0,0,0,0,0,0,0,0,0,0,0,0,0,0,0
"Synaphobranchus kaupii",0,0,1,0,0,0,0,0,0,0,0,0,0,0,0,0,0,0,0
"Syngnathus fuscus",0,0,1,0,0,0,0,0,0,0,0,0,0,0,0,0,0,0,0
"Syscenus infelix",0,0,0,1,0,0,0,0,0,0,0,0,0,0,1,0,0,0,0
"Tachyrhynchus erosus",0,0,0,0,0,0,0,0,0,0,0,0,0,0,1,0,0,0,0
"Tautogolabrus adspersus",0,0,1,0,0,0,0,0,0,0,0,0,0,0,0,0,0,0,0
"Tealia felina",0,0,0,0,0,1,0,0,0,0,0,0,0,0,0,0,0,0,0
"Tellina sp.",0,0,0,0,0,0,0,0,0,0,0,0,1,0,0,0,0,0,0
"Terebratulina septentrionalis",0,0,0,0,0,0,0,1,0,0,0,0,0,0,0,0,0,0,0
"Teredo navalis",0,0,0,0,0,0,0,0,0,0,0,0,1,0,0,0,0,0,0
"Teuthowenia megalops",0,0,0,0,0,0,1,0,0,0,0,0,0,0,0,0,0,0,0
"Thuiaria thuja",0,0,0,0,0,0,0,0,1,0,0,0,0,0,0,0,0,0,0
"Thunnus alalunga",0,0,1,0,0,0,0,0,0,0,0,0,0,0,0,0,0,0,0
"Thunnus obesus",0,0,1,0,0,0,0,0,0,0,0,0,0,0,0,0,0,0,0
"Thunnus thynnus",0,0,1,0,0,0,0,0,0,0,0,0,0,0,0,0,0,0,0
"Thyonella pervicax",0,0,0,0,0,0,0,0,0,0,0,0,0,0,0,0,0,1,0
"Thysanoessa longicaudata",0,0,0,1,0,0,0,0,0,0,0,0,0,0,1,0,0,0,0
"Thysanoessa raschii",0,0,0,1,0,0,0,0,0,0,0,0,0,0,1,0,0,0,0
"Tonicella sp.",0,0,0,0,0,0,0,1,0,0,0,0,1,0,0,0,0,0,0
"Torpedo nobiliana",0,1,0,0,0,0,0,0,0,0,0,0,0,0,0,0,0,0,0
"Trachyrincus murrayi",0,0,1,0,0,0,0,0,0,0,0,0,0,0,0,0,0,0,0
"Tremaster mirabilis",0,0,0,0,0,0,0,0,0,0,0,0,0,0,0,0,0,1,0
"Triglops",0,0,1,0,0,0,0,0,0,0,0,0,0,0,0,0,0,0,0
"Triglops sp.",0,0,1,0,0,0,0,0,0,0,0,0,0,0,0,0,0,0,0
"Trigonolampa miriceps",0,0,1,0,0,0,0,0,0,0,0,0,0,0,0,0,0,0,0
"Tritia sp.",0,0,0,0,0,0,0,0,0,0,0,0,0,0,1,0,0,0,0
"Tursiops truncatus",0,1,0,0,0,0,0,0,0,0,0,0,0,0,0,0,0,0,0
"Ulva",0,0,1,0,0,0,0,0,0,0,0,0,0,0,0,0,0,0,0
"Ulvaria subbifurcata",0,0,1,0,0,0,0,0,0,0,0,0,0,0,0,0,0,0,0
"Urasterias lincki",0,0,0,0,0,0,0,0,0,0,0,0,0,0,0,0,0,1,0
"Urophycis chesteri",0,1,0,0,0,0,0,0,0,0,0,0,0,0,0,0,0,0,0
"Urophycis chuss",0,0,1,0,0,0,0,0,0,0,0,0,0,0,0,0,0,0,0
"Urophycis regia",0,0,1,0,0,0,0,0,0,0,0,0,0,0,0,0,0,0,0
"Urophycis tenuis",0,0,1,0,0,0,0,0,0,0,0,0,0,0,0,0,0,0,0
"Urticina felina",0,0,0,0,0,1,0,0,0,0,0,0,0,0,0,0,0,0,0
"Vazella pourtalesi",0,0,0,0,0,0,0,0,0,0,0,1,0,0,0,0,0,0,0
"Velutinidae",0,0,0,0,0,0,0,0,0,0,0,0,0,0,1,0,0,0,0
"Venefica procera",0,0,1,0,0,0,0,0,0,0,0,0,0,0,0,0,0,0,0
"Venericardia borealis",0,0,0,0,0,0,0,0,0,0,0,0,1,0,0,0,0,0,0
"Venus mercenaria",0,0,0,0,0,0,0,0,0,0,0,0,1,0,0,0,0,0,0
"Vinciguerria nimbaria",0,0,1,0,0,0,0,0,0,0,0,0,0,0,0,0,0,0,0
"Vomer setapinnis",0,1,0,0,0,0,0,0,0,0,0,0,0,0,0,0,0,0,0
"Wimvadocus torelli",0,0,0,1,0,0,0,0,0,0,0,0,0,0,1,0,0,0,0
"Xenodermichthys copei",0,0,1,0,0,0,0,0,0,0,0,0,0,0,0,0,0,0,0
"Xenolepidichthys dalgleishi",0,0,1,0,0,0,0,0,0,0,0,0,0,0,0,0,0,0,0
"Xiphias gladius",0,0,1,0,0,0,0,0,0,0,0,0,0,0,0,0,0,0,0
"Xylophaga atlantica",0,0,0,0,0,0,0,0,0,0,0,0,1,0,0,0,0,0,0
"Yoldia",0,0,0,0,0,0,0,0,0,0,0,0,0,1,0,0,0,0,0
"Yoldia sp.",0,0,0,0,0,0,0,0,0,0,0,0,1,0,0,0,0,0,0
"Zenopsis ocellata",0,1,0,0,0,0,0,0,0,0,0,0,0,0,0,0,0,0,0
"Ziphius cavirostris",0,1,0,0,0,0,0,0,0,0,0,0,0,0,0,0,0,0,0
"Zoarces americanus",0,0,1,0,0,0,0,0,0,0,0,0,0,0,0,0,0,0,0
"Zostera marina",0,0,0,0,0,1,0,0,0,0,0,0,0,0,0,0,0,0,0
