"SPEC","aphiaID","Freq","ScientificName","Kingdom","Phylum","Class","Order","Family","Genus","Species"
"Acanella arbuscula",125371,17,"Acanella arbuscula","Animalia","Cnidaria","Anthozoa","Scleralcyonacea","Keratoisididae","Acanella","Acanella arbuscula"
"Acanthephyra eximia",564909,1,"Acanthephyra eximia","Animalia","Arthropoda","Malacostraca","Decapoda","Acanthephyridae","Acanthephyra","Acanthephyra eximia"
"Acanthephyra purpurea",107582,10,"Acanthephyra purpurea","Animalia","Arthropoda","Malacostraca","Decapoda","Acanthephyridae","Acanthephyra","Acanthephyra purpurea"
"Acanthogorgia armata",125348,11,"Acanthogorgia armata","Animalia","Cnidaria","Anthozoa","Malacalcyonacea","Paramuriceidae","Acanthogorgia","Acanthogorgia armata"
"Acipenser oxyrinchus",151802,6,"Acipenser oxyrinchus","Animalia","Chordata","Chondrostei","Acipenseriformes","Acipenseridae","Acipenser","Acipenser oxyrinchus"
"Actiniidae",100653,37,"Actiniidae","Animalia","Cnidaria","Anthozoa","Actiniaria","Actiniidae",NA,NA
"Actinostola",100709,48,"Actinostola","Animalia","Cnidaria","Anthozoa","Actiniaria","Actinostolidae","Actinostola",NA
"Aega psora",118827,4,"Aega psora","Animalia","Arthropoda","Malacostraca","Isopoda","Aegidae","Aega","Aega psora"
"Agarum cribrosum",495975,8,"Agarum cribrosum","Chromista","Ochrophyta","Phaeophyceae","Laminariales","Agaraceae","Agarum","Agarum cribrosum"
"Agriopoma morrhuanum",594424,11,"Agriopoma morrhuanum","Animalia","Mollusca","Bivalvia","Venerida","Veneridae","Agriopoma","Agriopoma morrhuanum"
"Alaria esculenta",145716,2,"Alaria esculenta","Chromista","Ochrophyta","Phaeophyceae","Laminariales","Alariaceae","Alaria","Alaria esculenta"
"Alcyonium digitatum",125333,24,"Alcyonium digitatum","Animalia","Cnidaria","Anthozoa","Malacalcyonacea","Alcyoniidae","Alcyonium","Alcyonium digitatum"
"Aldrovandia",125837,84,"Aldrovandia","Animalia","Chordata","Teleostei","Notacanthiformes","Halosauridae","Aldrovandia",NA
"Alepisaurus brevirostris",126332,1,"Alepisaurus brevirostris","Animalia","Chordata","Teleostei","Aulopiformes","Alepisauridae","Alepisaurus","Alepisaurus brevirostris"
"Alepisaurus ferox",126333,1,"Alepisaurus ferox","Animalia","Chordata","Teleostei","Aulopiformes","Alepisauridae","Alepisaurus","Alepisaurus ferox"
"Alepocephalus agassizii",126681,28,"Alepocephalus agassizii","Animalia","Chordata","Teleostei","Alepocephaliformes","Alepocephalidae","Alepocephalus","Alepocephalus agassizii"
"Alepocephalus bairdii",126682,10,"Alepocephalus bairdii","Animalia","Chordata","Teleostei","Alepocephaliformes","Alepocephalidae","Alepocephalus","Alepocephalus bairdii"
"Alosa aestivalis",158667,93,"Alosa aestivalis","Animalia","Chordata","Teleostei","Clupeiformes","Alosidae","Alosa","Alosa aestivalis"
"Alosa pseudoharengus",158669,2305,"Alosa pseudoharengus","Animalia","Chordata","Teleostei","Clupeiformes","Alosidae","Alosa","Alosa pseudoharengus"
"Alosa sapidissima",158670,880,"Alosa sapidissima","Animalia","Chordata","Teleostei","Clupeiformes","Alosidae","Alosa","Alosa sapidissima"
"Amblyraja jenseni",105864,2,"Amblyraja jenseni","Animalia","Chordata","Elasmobranchii","Rajiformes","Rajidae","Amblyraja","Amblyraja jenseni"
"Amblyraja radiata",105865,6643,"Amblyraja radiata","Animalia","Chordata","Elasmobranchii","Rajiformes","Rajidae","Amblyraja","Amblyraja radiata"
"Ammodytes",125909,5736,"Ammodytes","Animalia","Chordata","Teleostei","Perciformes","Ammodytidae","Ammodytes",NA
"Ampelisca",101445,1,"Ampelisca","Animalia","Arthropoda","Malacostraca","Amphipoda","Ampeliscidae","Ampelisca",NA
"Anarhichas denticulatus",126757,52,"Anarhichas denticulatus","Animalia","Chordata","Teleostei","Perciformes","Anarhichadidae","Anarhichas","Anarhichas denticulatus"
"Anarhichas lupus",126758,2323,"Anarhichas lupus","Animalia","Chordata","Teleostei","Perciformes","Anarhichadidae","Anarhichas","Anarhichas lupus"
"Anarhichas minor",126759,35,"Anarhichas minor","Animalia","Chordata","Teleostei","Perciformes","Anarhichadidae","Anarhichas","Anarhichas minor"
"Anguilla rostrata",158562,7,"Anguilla rostrata","Animalia","Chordata","Teleostei","Anguilliformes","Anguillidae","Anguilla","Anguilla rostrata"
"Anomia",137650,32,"Anomia","Animalia","Mollusca","Bivalvia","Pectinida","Anomiidae","Anomia",NA
"Anonyx",101592,26,"Anonyx","Animalia","Arthropoda","Malacostraca","Amphipoda","Uristidae","Anonyx",NA
"Anoplogaster cornuta",126393,10,"Anoplogaster cornuta","Animalia","Chordata","Teleostei","Trachichthyiformes","Anoplogastridae","Anoplogaster","Anoplogaster cornuta"
"Anotopterus pharao",126334,4,"Anotopterus pharao","Animalia","Chordata","Teleostei","Aulopiformes","Anotopteridae","Anotopterus","Anotopterus pharao"
"Anthias nicholsi",159344,5,"Anthias nicholsi","Animalia","Chordata","Teleostei","Perciformes","Serranidae","Anthias","Anthias nicholsi"
"Anthomastus grandiflorus",125335,6,"Anthomastus grandiflorus","Animalia","Cnidaria","Anthozoa","Scleralcyonacea","Coralliidae","Anthomastus","Anthomastus grandiflorus"
"Anthoptilum grandiflorum",128504,16,"Anthoptilum grandiflorum","Animalia","Cnidaria","Anthozoa","Scleralcyonacea","Anthoptilidae","Anthoptilum","Anthoptilum grandiflorum"
"Antigonia capros",127418,7,"Antigonia capros","Animalia","Chordata","Teleostei","Acanthuriformes","Caproidae","Antigonia","Antigonia capros"
"Antimora rostrata",126486,36,"Antimora rostrata","Animalia","Chordata","Teleostei","Gadiformes","Moridae","Antimora","Antimora rostrata"
"Aphanopus carbo",127085,3,"Aphanopus carbo","Animalia","Chordata","Teleostei","Scombriformes","Trichiuridae","Aphanopus","Aphanopus carbo"
"Aphrodita hastata",157181,1974,"Aphrodita hastata","Animalia","Annelida","Polychaeta","Phyllodocida","Aphroditidae","Aphrodita","Aphrodita hastata"
"Apristurus",105727,144,"Apristurus","Animalia","Chordata","Elasmobranchii","Carcharhiniformes","Pentanchidae","Apristurus",NA
"Arbacia punctulata",158058,9,"Arbacia punctulata","Animalia","Echinodermata","Echinoidea","Arbacioida","Arbaciidae","Arbacia","Arbacia punctulata"
"Arcoscalpellum michelottianum",106182,2,"Arcoscalpellum michelottianum","Animalia","Arthropoda","Thecostraca","Scalpellomorpha","Scalpellidae","Arcoscalpellum","Arcoscalpellum michelottianum"
"Arctica islandica",138802,82,"Arctica islandica","Animalia","Mollusca","Bivalvia","Venerida","Arcticidae","Arctica","Arctica islandica"
"Arenicola marina",129868,1,"Arenicola marina","Animalia","Annelida","Polychaeta",NA,"Arenicolidae","Arenicola","Arenicola marina"
"Argentina silus",126715,1461,"Argentina silus","Animalia","Chordata","Teleostei","Argentiniformes","Argentinidae","Argentina","Argentina silus"
"Argis dentata",107550,375,"Argis dentata","Animalia","Arthropoda","Malacostraca","Decapoda","Crangonidae","Argis","Argis dentata"
"Argyropelecus aculeatus",127306,36,"Argyropelecus aculeatus","Animalia","Chordata","Teleostei","Stomiiformes","Sternoptychidae","Argyropelecus","Argyropelecus aculeatus"
"Argyropelecus gigas",127308,2,"Argyropelecus gigas","Animalia","Chordata","Teleostei","Stomiiformes","Sternoptychidae","Argyropelecus","Argyropelecus gigas"
"Ariomma bondi",159592,1,"Ariomma bondi","Animalia","Chordata","Teleostei","Scombriformes","Ariommatidae","Ariomma","Ariomma bondi"
"Aristaeopsis edwardsiana",240796,11,"Aristaeopsis edwardsiana","Animalia","Arthropoda","Malacostraca","Decapoda","Aristeidae","Aristaeopsis","Aristaeopsis edwardsiana"
"Aristostomias",126201,3,"Aristostomias","Animalia","Chordata","Teleostei","Stomiiformes","Stomiidae","Aristostomias",NA
"Arrhis phyllonyx",102870,4,"Arrhis phyllonyx","Animalia","Arthropoda","Malacostraca","Amphipoda","Oedicerotidae","Arrhis","Arrhis phyllonyx"
"Arrhoges occidentalis",531617,15,"Arrhoges occidentalis","Animalia","Mollusca","Gastropoda","Littorinimorpha","Aporrhaidae","Arrhoges","Arrhoges occidentalis"
"Artediellus",126147,3249,"Artediellus","Animalia","Chordata","Teleostei","Perciformes","Cottidae","Artediellus",NA
"Ascidiacea",1839,8216,"Ascidiacea","Animalia","Chordata","Ascidiacea",NA,NA,NA,NA
"Ascophyllum nodosum",145541,64,"Ascophyllum nodosum","Chromista","Ochrophyta","Phaeophyceae","Fucales","Fucaceae","Ascophyllum","Ascophyllum nodosum"
"Aspidophoroides monopterygius",159459,1665,"Aspidophoroides monopterygius","Animalia","Chordata","Teleostei","Perciformes","Agonidae","Aspidophoroides","Aspidophoroides monopterygius"
"Aspidophoroides olrikii",309268,13,"Aspidophoroides olrikii","Animalia","Chordata","Teleostei","Perciformes","Agonidae","Aspidophoroides","Aspidophoroides olrikii"
"Astarte",137683,108,"Astarte","Animalia","Mollusca","Bivalvia","Carditida","Astartidae","Astarte",NA
"Asterias",123219,5910,"Asterias","Animalia","Echinodermata","Asteroidea","Forcipulatida","Asteriidae","Asterias",NA
"Astropecten americanus",158490,68,"Astropecten americanus","Animalia","Echinodermata","Asteroidea","Paxillosida","Astropectinidae","Astropecten","Astropecten americanus"
"Astropecten duplicatus",178650,1,"Astropecten duplicatus","Animalia","Echinodermata","Asteroidea","Paxillosida","Astropectinidae","Astropecten","Astropecten duplicatus"
"Atlantopandalus propinqvus",158351,162,"Atlantopandalus propinqvus","Animalia","Arthropoda","Malacostraca","Decapoda","Pandalidae","Atlantopandalus","Atlantopandalus propinqvus"
"Atolla wyvillei",135282,2,"Atolla wyvillei","Animalia","Cnidaria","Scyphozoa","Coronatae","Atollidae","Atolla","Atolla wyvillei"
"Aurelia aurita",135306,6,"Aurelia aurita","Animalia","Cnidaria","Scyphozoa","Semaeostomeae","Ulmaridae","Aurelia","Aurelia aurita"
"Axius serratus",158379,23,"Axius serratus","Animalia","Arthropoda","Malacostraca","Decapoda","Axiidae","Axius","Axius serratus"
"Bajacalifornia megalops",126687,3,"Bajacalifornia megalops","Animalia","Chordata","Teleostei","Alepocephaliformes","Alepocephalidae","Bajacalifornia","Bajacalifornia megalops"
"Balanidae",106057,52,"Balanidae","Animalia","Arthropoda","Thecostraca","Balanomorpha","Balanidae",NA,NA
"Balistes capriscus",154721,1,"Balistes capriscus","Animalia","Chordata","Teleostei","Tetraodontiformes","Balistidae","Balistes","Balistes capriscus"
"Bassogigas gilli",217793,2,"Bassogigas gilli","Animalia","Chordata","Teleostei","Ophidiiformes","Ophidiidae","Bassogigas","Bassogigas gilli"
"Bathygadus melanobranchus",126463,1,"Bathygadus melanobranchus","Animalia","Chordata","Teleostei","Gadiformes","Macrouridae","Bathygadus","Bathygadus melanobranchus"
"Bathylagus bericoides",158720,7,"Bathylagus bericoides","Animalia","Chordata","Teleostei","Argentiniformes","Bathylagidae","Bathylagus","Bathylagus bericoides"
"Bathylagus euryops",126719,32,"Bathylagus euryops","Animalia","Chordata","Teleostei","Argentiniformes","Bathylagidae","Bathylagus","Bathylagus euryops"
"Bathynectes longispina",394995,1,"Bathynectes longispina","Animalia","Arthropoda","Malacostraca","Decapoda","Polybiidae","Bathynectes","Bathynectes longispina"
"Bathynectes maravigna",107377,4,"Bathynectes maravigna","Animalia","Arthropoda","Malacostraca","Decapoda","Polybiidae","Bathynectes","Bathynectes maravigna"
"Bathypolypus",138265,2500,"Bathypolypus","Animalia","Mollusca","Cephalopoda","Octopoda","Bathypolypodidae","Bathypolypus",NA
"Bathypterois",125669,66,"Bathypterois","Animalia","Chordata","Teleostei","Aulopiformes","Ipnopidae","Bathypterois",NA
"Bathyraja spinicauda",105868,2,"Bathyraja spinicauda","Animalia","Chordata","Elasmobranchii","Rajiformes","Arhynchobatidae","Bathyraja","Bathyraja spinicauda"
"Bathysaurus ferox",126369,8,"Bathysaurus ferox","Animalia","Chordata","Teleostei","Aulopiformes","Bathysauridae","Bathysaurus","Bathysaurus ferox"
"Bathytroctes microlepis",126693,1,"Bathytroctes microlepis","Animalia","Chordata","Teleostei","Alepocephaliformes","Alepocephalidae","Bathytroctes","Bathytroctes microlepis"
"Benthodesmus simonyi",127087,20,"Benthodesmus simonyi","Animalia","Chordata","Teleostei","Scombriformes","Trichiuridae","Benthodesmus","Benthodesmus simonyi"
"Beringius turtoni",138855,4,"Beringius turtoni","Animalia","Mollusca","Gastropoda","Neogastropoda","Buccinidae","Beringius","Beringius turtoni"
"Beryx decadactylus",126394,1,"Beryx decadactylus","Animalia","Chordata","Teleostei","Beryciformes","Berycidae","Beryx","Beryx decadactylus"
"Bolocera",100698,79,"Bolocera","Animalia","Cnidaria","Anthozoa","Actiniaria","Actiniidae","Bolocera",NA
"Boltenia ovifera",103815,31,"Boltenia ovifera","Animalia","Chordata","Ascidiacea","Stolidobranchia","Pyuridae","Boltenia","Boltenia ovifera"
"Boreogadus saida",126433,1,"Boreogadus saida","Animalia","Chordata","Teleostei","Gadiformes","Gadidae","Boreogadus","Boreogadus saida"
"Borostomias antarcticus",127334,42,"Borostomias antarcticus","Animalia","Chordata","Teleostei","Stomiiformes","Stomiidae","Borostomias","Borostomias antarcticus"
"Bothus",126110,1,"Bothus","Animalia","Chordata","Teleostei","Pleuronectiformes","Bothidae","Bothus",NA
"Brevoortia tyrannus",158691,5,"Brevoortia tyrannus","Animalia","Chordata","Teleostei","Clupeiformes","Alosidae","Brevoortia","Brevoortia tyrannus"
"Brisaster fragilis",124404,92,"Brisaster fragilis","Animalia","Echinodermata","Echinoidea","Spatangoida","Schizasteridae","Brisaster","Brisaster fragilis"
"Brosme brosme",126447,1109,"Brosme brosme","Animalia","Chordata","Teleostei","Gadiformes","Lotidae","Brosme","Brosme brosme"
"Bryozoa",146142,825,"Bryozoa","Animalia","Bryozoa",NA,NA,NA,NA,NA
"Buccinum",137701,2850,"Buccinum","Animalia","Mollusca","Gastropoda","Neogastropoda","Buccinidae","Buccinum",NA
"Caelorinchus caelorinchus",154706,3,"Caelorinchus caelorinchus","Animalia","Chordata","Teleostei","Gadiformes","Macrouridae","Caelorinchus","Caelorinchus caelorinchus"
"Calathura brachiata",118497,20,"Calathura brachiata","Animalia","Arthropoda","Malacostraca","Isopoda","Leptanthuridae","Calathura","Calathura brachiata"
"Callionymus",125930,2,"Callionymus","Animalia","Chordata","Teleostei","Callionymiformes","Callionymidae","Callionymus",NA
"Calliostoma occidentale",141765,1,"Calliostoma occidentale","Animalia","Mollusca","Gastropoda","Trochida","Calliostomatidae","Calliostoma","Calliostoma occidentale"
"Cancer borealis",158056,2090,"Cancer borealis","Animalia","Arthropoda","Malacostraca","Decapoda","Cancridae","Cancer","Cancer borealis"
"Cancer irroratus",158057,1363,"Cancer irroratus","Animalia","Arthropoda","Malacostraca","Decapoda","Cancridae","Cancer","Cancer irroratus"
"Carcharias taurus",105843,1,"Carcharias taurus","Animalia","Chordata","Elasmobranchii","Lamniformes","Odontaspididae","Carcharias","Carcharias taurus"
"Careproctus longipinnis",146774,4,"Careproctus longipinnis","Animalia","Chordata","Teleostei","Perciformes","Liparidae","Careproctus","Careproctus longipinnis"
"Careproctus ranula",159523,5,"Careproctus ranula","Animalia","Chordata","Teleostei","Perciformes","Liparidae","Careproctus","Careproctus ranula"
"Careproctus reinhardti",127212,34,"Careproctus reinhardti","Animalia","Chordata","Teleostei","Perciformes","Liparidae","Careproctus","Careproctus reinhardti"
"Cataetyx laticeps",126657,1,"Cataetyx laticeps","Animalia","Chordata","Teleostei","Ophidiiformes","Bythitidae","Cataetyx","Cataetyx laticeps"
"Caudina arenata",152559,1,"Caudina arenata","Animalia","Echinodermata","Holothuroidea","Molpadida","Caudinidae","Caudina","Caudina arenata"
"Centropristis striata",159348,4,"Centropristis striata","Animalia","Chordata","Teleostei","Perciformes","Serranidae","Centropristis","Centropristis striata"
"Centroscyllium fabricii",105906,271,"Centroscyllium fabricii","Animalia","Chordata","Elasmobranchii","Squaliformes","Etmopteridae","Centroscyllium","Centroscyllium fabricii"
"Centroscymnus coelolepis",105907,28,"Centroscymnus coelolepis","Animalia","Chordata","Elasmobranchii","Squaliformes","Somniosidae","Centroscymnus","Centroscymnus coelolepis"
"Ceramaster granularis",124020,311,"Ceramaster granularis","Animalia","Echinodermata","Asteroidea","Valvatida","Goniasteridae","Ceramaster","Ceramaster granularis"
"Cerastoderma pinnulatum",156756,4,"Cerastoderma pinnulatum","Animalia","Mollusca","Bivalvia","Cardiida","Cardiidae","Cerastoderma","Cerastoderma pinnulatum"
"Ceratias holboelli",126537,1,"Ceratias holboelli","Animalia","Chordata","Teleostei","Lophiiformes","Ceratiidae","Ceratias","Ceratias holboelli"
"Chaceon quinquedens",158407,119,"Chaceon quinquedens","Animalia","Arthropoda","Malacostraca","Decapoda","Geryonidae","Chaceon","Chaceon quinquedens"
"Chauliodus sloani",127338,74,"Chauliodus sloani","Animalia","Chordata","Teleostei","Stomiiformes","Stomiidae","Chauliodus","Chauliodus sloani"
"Chaunax",125796,1,"Chaunax","Animalia","Chordata","Teleostei","Lophiiformes","Chaunacidae","Chaunax",NA
"Chiasmodon",125956,72,"Chiasmodon","Animalia","Chordata","Teleostei","Scombriformes","Chiasmodontidae","Chiasmodon",NA
"Chionoecetes opilio",107315,4608,"Chionoecetes opilio","Animalia","Arthropoda","Malacostraca","Decapoda","Oregoniidae","Chionoecetes","Chionoecetes opilio"
"Chiridota laevis",124434,1,"Chiridota laevis","Animalia","Echinodermata","Holothuroidea","Apodida","Chiridotidae","Chiridota","Chiridota laevis"
"Chlamys islandica",140692,499,"Chlamys islandica","Animalia","Mollusca","Bivalvia","Pectinida","Pectinidae","Chlamys","Chlamys islandica"
"Chlorophthalmus agassizi",126336,137,"Chlorophthalmus agassizi","Animalia","Chordata","Teleostei","Aulopiformes","Chlorophthalmidae","Chlorophthalmus","Chlorophthalmus agassizi"
"Chrysogorgia agassizii",125351,5,"Chrysogorgia agassizii","Animalia","Cnidaria","Anthozoa","Scleralcyonacea","Chrysogorgiidae","Chrysogorgia","Chrysogorgia agassizii"
"Ciliatocardium ciliatum",139000,1,"Ciliatocardium ciliatum","Animalia","Mollusca","Bivalvia","Cardiida","Cardiidae","Ciliatocardium","Ciliatocardium ciliatum"
"Cirroteuthis",153091,1,"Cirroteuthis","Animalia","Mollusca","Cephalopoda","Octopoda","Cirroteuthidae","Cirroteuthis",NA
"Citharichthys arctifrons",158791,807,"Citharichthys arctifrons","Animalia","Chordata","Teleostei","Pleuronectiformes","Paralichthyidae","Citharichthys","Citharichthys arctifrons"
"Clupea harengus",126417,5942,"Clupea harengus","Animalia","Chordata","Teleostei","Clupeiformes","Clupeidae","Clupea","Clupea harengus"
"Colossendeis",134586,1,"Colossendeis","Animalia","Arthropoda","Pycnogonida","Pantopoda","Colossendeidae","Colossendeis",NA
"Colus",137704,154,"Colus","Animalia","Mollusca","Gastropoda","Neogastropoda","Colidae","Colus",NA
"Conger",125624,20,"Conger","Animalia","Chordata","Teleostei","Anguilliformes","Congridae","Conger",NA
"Conocara salmonea",301785,3,"Conocara salmonea","Animalia","Chordata","Teleostei","Alepocephaliformes","Alepocephalidae","Conocara","Conocara salmonea"
"Cookeolus boops",218359,1,"Cookeolus boops","Animalia","Chordata","Teleostei","Eupercaria incertae sedis","Priacanthidae","Cookeolus","Cookeolus boops"
"Coryphaenoides carapinus",158956,1,"Coryphaenoides carapinus","Animalia","Chordata","Teleostei","Gadiformes","Macrouridae","Coryphaenoides","Coryphaenoides carapinus"
"Coryphaenoides rupestris",158960,87,"Coryphaenoides rupestris","Animalia","Chordata","Teleostei","Gadiformes","Macrouridae","Coryphaenoides","Coryphaenoides rupestris"
"Cottunculus microps",127235,73,"Cottunculus microps","Animalia","Chordata","Teleostei","Perciformes","Psychrolutidae","Cottunculus","Cottunculus microps"
"Cottunculus thompsoni",183101,27,"Cottunculus thompsoni","Animalia","Chordata","Teleostei","Perciformes","Psychrolutidae","Cottunculus","Cottunculus thompsoni"
"Crangon septemspinosa",158355,1224,"Crangon septemspinosa","Animalia","Arthropoda","Malacostraca","Decapoda","Crangonidae","Crangon","Crangon septemspinosa"
"Crossaster papposus",124154,1015,"Crossaster papposus","Animalia","Echinodermata","Asteroidea","Valvatida","Solasteridae","Crossaster","Crossaster papposus"
"Cryptacanthodes maculatus",159675,208,"Cryptacanthodes maculatus","Animalia","Chordata","Teleostei","Perciformes","Cryptacanthodidae","Cryptacanthodes","Cryptacanthodes maculatus"
"Ctenodiscus crispatus",123915,526,"Ctenodiscus crispatus","Animalia","Echinodermata","Asteroidea","Paxillosida","Ctenodiscidae","Ctenodiscus","Ctenodiscus crispatus"
"Cubiceps gracilis",126990,1,"Cubiceps gracilis","Animalia","Chordata","Teleostei","Scombriformes","Nomeidae","Cubiceps","Cubiceps gracilis"
"Cubiceps pauciradiatus",159424,1,"Cubiceps pauciradiatus","Animalia","Chordata","Teleostei","Scombriformes","Nomeidae","Cubiceps","Cubiceps pauciradiatus"
"Cucumaria frondosa",124612,723,"Cucumaria frondosa","Animalia","Echinodermata","Holothuroidea","Dendrochirotida","Cucumariidae","Cucumaria","Cucumaria frondosa"
"Cyanea capillata",135301,79,"Cyanea capillata","Animalia","Cnidaria","Scyphozoa","Semaeostomeae","Cyaneidae","Cyanea","Cyanea capillata"
"Cyclopterus lumpus",127214,546,"Cyclopterus lumpus","Animalia","Chordata","Teleostei","Perciformes","Cyclopteridae","Cyclopterus","Cyclopterus lumpus"
"Cyrtodaria siliqua",140102,47,"Cyrtodaria siliqua","Animalia","Mollusca","Bivalvia","Adapedonta","Hiatellidae","Cyrtodaria","Cyrtodaria siliqua"
"Cyttopsis rosea",127425,8,"Cyttopsis rosea","Animalia","Chordata","Teleostei","Zeiformes","Parazenidae","Cyttopsis","Cyttopsis rosea"
"Dendronotus",137885,12,"Dendronotus","Animalia","Mollusca","Gastropoda","Nudibranchia","Dendronotidae","Dendronotus",NA
"Derichthys serpentinus",126291,8,"Derichthys serpentinus","Animalia","Chordata","Teleostei","Anguilliformes","Derichthyidae","Derichthys","Derichthys serpentinus"
"Desmarestia aculeata",145307,1,"Desmarestia aculeata","Chromista","Ochrophyta","Phaeophyceae","Desmarestiales","Desmarestiaceae","Desmarestia","Desmarestia aculeata"
"Dibranchus atlanticus",126558,44,"Dibranchus atlanticus","Animalia","Chordata","Teleostei","Lophiiformes","Ogcocephalidae","Dibranchus","Dibranchus atlanticus"
"Dichelopandalus leptocerus",158356,504,"Dichelopandalus leptocerus","Animalia","Arthropoda","Malacostraca","Decapoda","Pandalidae","Dichelopandalus","Dichelopandalus leptocerus"
"Dicrolene introniger",275895,12,"Dicrolene introniger","Animalia","Chordata","Teleostei","Ophidiiformes","Ophidiidae","Dicrolene","Dicrolene introniger"
"Diplopteraster multipes",124128,67,"Diplopteraster multipes","Animalia","Echinodermata","Asteroidea","Velatida","Pterasteridae","Diplopteraster","Diplopteraster multipes"
"Dipturus laevis",158548,628,"Dipturus laevis","Animalia","Chordata","Elasmobranchii","Rajiformes","Rajidae","Dipturus","Dipturus laevis"
"Drifa glomerata",146941,9,"Drifa glomerata","Animalia","Cnidaria","Anthozoa","Malacalcyonacea","Capnellidae","Drifa","Drifa glomerata"
"Duva florida",146943,7,"Duva florida","Animalia","Cnidaria","Anthozoa","Malacalcyonacea","Capnellidae","Duva","Duva florida"
"Echinarachnius parma",158062,803,"Echinarachnius parma","Animalia","Echinodermata","Echinoidea","Echinolampadacea","Echinarachniidae","Echinarachnius","Echinarachnius parma"
"Echinus",123386,1,"Echinus","Animalia","Echinodermata","Echinoidea","Camarodonta","Echinidae","Echinus",NA
"Ectreposebastes imus",159566,1,"Ectreposebastes imus","Animalia","Chordata","Teleostei","Perciformes","Setarchidae","Ectreposebastes","Ectreposebastes imus"
"Enchelyopus cimbrius",126450,1167,"Enchelyopus cimbrius","Animalia","Chordata","Teleostei","Gadiformes","Lotidae","Enchelyopus","Enchelyopus cimbrius"
"Ensis directus",933783,3,"Ensis directus","Animalia","Mollusca","Bivalvia","Adapedonta","Pharidae","Ensis","Ensis directus"
"Epigonus",125967,21,"Epigonus","Animalia","Chordata","Teleostei","Acropomatiformes","Epigonidae","Epigonus",NA
"Epimeria loricata",102146,3,"Epimeria loricata","Animalia","Arthropoda","Malacostraca","Amphipoda","Epimeriidae","Epimeria","Epimeria loricata"
"Epizoanthus erdmanni",101027,69,"Epizoanthus erdmanni","Animalia","Cnidaria","Anthozoa","Zoantharia","Epizoanthidae","Epizoanthus","Epizoanthus erdmanni"
"Etmopterus princeps",105911,18,"Etmopterus princeps","Animalia","Chordata","Elasmobranchii","Squaliformes","Etmopteridae","Etmopterus","Etmopterus princeps"
"Etropus microstomus",158801,3,"Etropus microstomus","Animalia","Chordata","Teleostei","Pleuronectiformes","Paralichthyidae","Etropus","Etropus microstomus"
"Eualus fabricii",158357,36,"Eualus fabricii","Animalia","Arthropoda","Malacostraca","Decapoda","Thoridae","Eualus","Eualus fabricii"
"Eualus gaimardii",107504,38,"Eualus gaimardii","Animalia","Arthropoda","Malacostraca","Decapoda","Thoridae","Eualus","Eualus gaimardii"
"Eualus macilentus",158359,25,"Eualus macilentus","Animalia","Arthropoda","Malacostraca","Decapoda","Thoridae","Eualus","Eualus macilentus"
"Eumesogrammus praecisus",159817,53,"Eumesogrammus praecisus","Animalia","Chordata","Teleostei","Perciformes","Stichaeidae","Eumesogrammus","Eumesogrammus praecisus"
"Eumicrotremus spinosus",127217,327,"Eumicrotremus spinosus","Animalia","Chordata","Teleostei","Perciformes","Cyclopteridae","Eumicrotremus","Eumicrotremus spinosus"
"Euphausia",110673,2,"Euphausia","Animalia","Arthropoda","Malacostraca","Euphausiacea","Euphausiidae","Euphausia",NA
"Eurypharynx pelecanoides",127165,15,"Eurypharynx pelecanoides","Animalia","Chordata","Teleostei","Saccopharyngiformes","Eurypharyngidae","Eurypharynx","Eurypharynx pelecanoides"
"Eusergestes arcticus",515738,168,"Eusergestes arcticus","Animalia","Arthropoda","Malacostraca","Decapoda","Sergestidae","Eusergestes","Eusergestes arcticus"
"Eusirus cuspidatus",102199,1,"Eusirus cuspidatus","Animalia","Arthropoda","Malacostraca","Amphipoda","Eusiridae","Eusirus","Eusirus cuspidatus"
"Evermannella indica",126339,1,"Evermannella indica","Animalia","Chordata","Teleostei","Aulopiformes","Evermannellidae","Evermannella","Evermannella indica"
"Flabellum",135114,164,"Flabellum","Animalia","Cnidaria","Anthozoa","Scleractinia","Flabellidae","Flabellum",NA
"Flustra foliacea",111367,116,"Flustra foliacea","Animalia","Bryozoa","Gymnolaemata","Cheilostomatida","Flustridae","Flustra","Flustra foliacea"
"Foetorepus agassizi",159623,34,"Foetorepus agassizi","Animalia","Chordata","Teleostei","Callionymiformes","Callionymidae","Foetorepus","Foetorepus agassizi"
"Fucus distichus",145544,2,"Fucus distichus","Chromista","Ochrophyta","Phaeophyceae","Fucales","Fucaceae","Fucus","Fucus distichus"
"Fucus vesiculosus",145548,10,"Fucus vesiculosus","Chromista","Ochrophyta","Phaeophyceae","Fucales","Fucaceae","Fucus","Fucus vesiculosus"
"Funiculina quadrangularis",128506,8,"Funiculina quadrangularis","Animalia","Cnidaria","Anthozoa","Scleralcyonacea","Funiculinidae","Funiculina","Funiculina quadrangularis"
"Gadus morhua",126436,10065,"Gadus morhua","Animalia","Chordata","Teleostei","Gadiformes","Gadidae","Gadus","Gadus morhua"
"Gadus ogac",158926,8,"Gadus ogac","Animalia","Chordata","Teleostei","Gadiformes","Gadidae","Gadus","Gadus ogac"
"Gaidropsarus",125743,105,"Gaidropsarus","Animalia","Chordata","Teleostei","Gadiformes","Lotidae","Gaidropsarus",NA
"Gasterosteus aculeatus aculeatus",236462,20,"Gasterosteus aculeatus aculeatus","Animalia","Chordata","Teleostei","Perciformes","Gasterosteidae","Gasterosteus","Gasterosteus aculeatus"
"Gennadas",106813,11,"Gennadas","Animalia","Arthropoda","Malacostraca","Decapoda","Benthesicymidae","Gennadas",NA
"Gersemia fruticosa",156101,4,"Gersemia fruticosa","Animalia","Cnidaria","Anthozoa","Malacalcyonacea","Alcyoniidae","Gersemia","Gersemia fruticosa"
"Gersemia rubiformis",156103,192,"Gersemia rubiformis","Animalia","Cnidaria","Anthozoa","Malacalcyonacea","Alcyoniidae","Gersemia","Gersemia rubiformis"
"Glycera capitata",130118,2,"Glycera capitata","Animalia","Annelida","Polychaeta","Phyllodocida","Glyceridae","Glycera","Glycera capitata"
"Glyptocephalus cynoglossus",127136,6378,"Glyptocephalus cynoglossus","Animalia","Chordata","Teleostei","Pleuronectiformes","Pleuronectidae","Glyptocephalus","Glyptocephalus cynoglossus"
"Gnathophausia",119826,20,"Gnathophausia","Animalia","Arthropoda","Malacostraca","Lophogastrida","Gnathophausiidae","Gnathophausia",NA
"Gonatus fabricii",153097,2,"Gonatus fabricii","Animalia","Mollusca","Cephalopoda","Oegopsida","Gonatidae","Gonatus","Gonatus fabricii"
"Gonatus steenstrupi",140027,2,"Gonatus steenstrupi","Animalia","Mollusca","Cephalopoda","Oegopsida","Gonatidae","Gonatus","Gonatus steenstrupi"
"Gonostomatidae",125601,270,"Gonostomatidae","Animalia","Chordata","Teleostei","Stomiiformes","Gonostomatidae",NA,NA
"Gorgonocephalus",123586,1230,"Gorgonocephalus","Animalia","Echinodermata","Ophiuroidea","Euryalida","Gorgonocephalidae","Gorgonocephalus",NA
"Grammatostomias dentatus",158731,1,"Grammatostomias dentatus","Animalia","Chordata","Teleostei","Stomiiformes","Stomiidae","Grammatostomias","Grammatostomias dentatus"
"Grammicolepis brachiusculus",127420,8,"Grammicolepis brachiusculus","Animalia","Chordata","Teleostei","Zeiformes","Grammicolepididae","Grammicolepis","Grammicolepis brachiusculus"
"Gymnelus viridis",127096,14,"Gymnelus viridis","Animalia","Chordata","Teleostei","Perciformes","Zoarcidae","Gymnelus","Gymnelus viridis"
"Gymnocanthus tricuspis",127198,24,"Gymnocanthus tricuspis","Animalia","Chordata","Teleostei","Perciformes","Cottidae","Gymnocanthus","Gymnocanthus tricuspis"
"Halargyreus johnsonii",126489,3,"Halargyreus johnsonii","Animalia","Chordata","Teleostei","Gadiformes","Moridae","Halargyreus","Halargyreus johnsonii"
"Halieutichthys aculeatus",159190,3,"Halieutichthys aculeatus","Animalia","Chordata","Teleostei","Lophiiformes","Ogcocephalidae","Halieutichthys","Halieutichthys aculeatus"
"Halosauropsis macrochir",126639,7,"Halosauropsis macrochir","Animalia","Chordata","Teleostei","Notacanthiformes","Halosauridae","Halosauropsis","Halosauropsis macrochir"
"Halosaurus guentheri",158557,4,"Halosaurus guentheri","Animalia","Chordata","Teleostei","Notacanthiformes","Halosauridae","Halosaurus","Halosaurus guentheri"
"Harriotta raleighana",105829,33,"Harriotta raleighana","Animalia","Chordata","Holocephali","Chimaeriformes","Rhinochimaeridae","Harriotta","Harriotta raleighana"
"Helicolenus dactylopterus",127251,951,"Helicolenus dactylopterus","Animalia","Chordata","Teleostei","Perciformes","Sebastidae","Helicolenus","Helicolenus dactylopterus"
"Heliometra glacialis",124223,6,"Heliometra glacialis","Animalia","Echinodermata","Crinoidea","Comatulida","Antedonidae","Heliometra","Heliometra glacialis"
"Hemitripterus americanus",159518,4708,"Hemitripterus americanus","Animalia","Chordata","Teleostei","Perciformes","Hemitripteridae","Hemitripterus","Hemitripterus americanus"
"Henricia",123276,4665,"Henricia","Animalia","Echinodermata","Asteroidea","Spinulosida","Echinasteridae","Henricia",NA
"Heteropolypus",345446,1,"Heteropolypus","Animalia","Cnidaria","Anthozoa","Scleralcyonacea","Coralliidae","Heteropolypus",NA
"Hiatella arctica",140103,11,"Hiatella arctica","Animalia","Mollusca","Bivalvia","Adapedonta","Hiatellidae","Hiatella","Hiatella arctica"
"Hippasteria phrygiana",124043,983,"Hippasteria phrygiana","Animalia","Echinodermata","Asteroidea","Valvatida","Goniasteridae","Hippasteria","Hippasteria phrygiana"
"Hippocampus erectus",159445,1,"Hippocampus erectus","Animalia","Chordata","Teleostei","Syngnathiformes","Syngnathidae","Hippocampus","Hippocampus erectus"
"Hippoglossina oblonga",158833,607,"Hippoglossina oblonga","Animalia","Chordata","Teleostei","Pleuronectiformes","Paralichthyidae","Hippoglossina","Hippoglossina oblonga"
"Hippoglossoides platessoides",127137,10492,"Hippoglossoides platessoides","Animalia","Chordata","Teleostei","Pleuronectiformes","Pleuronectidae","Hippoglossoides","Hippoglossoides platessoides"
"Hippoglossus hippoglossus",127138,2696,"Hippoglossus hippoglossus","Animalia","Chordata","Teleostei","Pleuronectiformes","Pleuronectidae","Hippoglossus","Hippoglossus hippoglossus"
"Histioteuthis reversa",181381,18,"Histioteuthis reversa","Animalia","Mollusca","Cephalopoda","Oegopsida","Histioteuthidae","Histioteuthis","Histioteuthis reversa"
"Holtbyrnia anomala",126739,5,"Holtbyrnia anomala","Animalia","Chordata","Teleostei","Alepocephaliformes","Platytroctidae","Holtbyrnia","Holtbyrnia anomala"
"Homarus americanus",156134,2870,"Homarus americanus","Animalia","Arthropoda","Malacostraca","Decapoda","Nephropidae","Homarus","Homarus americanus"
"Homola minima",421895,1,"Homola minima","Animalia","Arthropoda","Malacostraca","Decapoda","Homolidae","Homola","Homola minima"
"Hoplostethus atlanticus",126402,2,"Hoplostethus atlanticus","Animalia","Chordata","Teleostei","Trachichthyiformes","Trachichthyidae","Hoplostethus","Hoplostethus atlanticus"
"Hormathia nodosa",100954,49,"Hormathia nodosa","Animalia","Cnidaria","Anthozoa","Actiniaria","Hormathiidae","Hormathia","Hormathia nodosa"
"Howella brodiei",126994,1,"Howella brodiei","Animalia","Chordata","Teleostei","Acropomatiformes","Howellidae","Howella","Howella brodiei"
"Hyalinoecia tubicola",130464,13,"Hyalinoecia tubicola","Animalia","Annelida","Polychaeta","Eunicida","Onuphidae","Hyalinoecia","Hyalinoecia tubicola"
"Hyas araneus",107322,929,"Hyas araneus","Animalia","Arthropoda","Malacostraca","Decapoda","Oregoniidae","Hyas","Hyas araneus"
"Hyas coarctatus",107323,1089,"Hyas coarctatus","Animalia","Arthropoda","Malacostraca","Decapoda","Oregoniidae","Hyas","Hyas coarctatus"
"Hydrolagus affinis",105825,5,"Hydrolagus affinis","Animalia","Chordata","Holocephali","Chimaeriformes","Chimaeridae","Hydrolagus","Hydrolagus affinis"
"Hyperoglyphe perciformis",126832,7,"Hyperoglyphe perciformis","Animalia","Chordata","Teleostei","Scombriformes","Centrolophidae","Hyperoglyphe","Hyperoglyphe perciformis"
"Icelus",126150,166,"Icelus","Animalia","Chordata","Teleostei","Perciformes","Cottidae","Icelus",NA
"Ichnopus",101614,3,"Ichnopus","Animalia","Arthropoda","Malacostraca","Amphipoda","Uristidae","Ichnopus",NA
"Idotea",118454,1,"Idotea","Animalia","Arthropoda","Malacostraca","Isopoda","Idoteidae","Idotea",NA
"Illex illecebrosus",153087,12680,"Illex illecebrosus","Animalia","Mollusca","Cephalopoda","Oegopsida","Ommastrephidae","Illex","Illex illecebrosus"
"Ilyophis brunneus",126326,8,"Ilyophis brunneus","Animalia","Chordata","Teleostei","Anguilliformes","Synaphobranchidae","Ilyophis","Ilyophis brunneus"
"Keratoisis ornata",158285,26,"Keratoisis ornata","Animalia","Cnidaria","Anthozoa","Scleralcyonacea","Keratoisididae","Keratoisis","Keratoisis ornata"
"Laemonema barbatulum",158979,6,"Laemonema barbatulum","Animalia","Chordata","Teleostei","Gadiformes","Moridae","Laemonema","Laemonema barbatulum"
"Laminaria digitata",145724,1,"Laminaria digitata","Chromista","Ochrophyta","Phaeophyceae","Laminariales","Laminariaceae","Laminaria","Laminaria digitata"
"Laminaria longicruris",157209,8,"Laminaria longicruris","Chromista","Ochrophyta","Phaeophyceae","Laminariales","Laminariaceae","Laminaria","Laminaria longicruris"
"Lamna nasus",105841,3,"Lamna nasus","Animalia","Chordata","Elasmobranchii","Lamniformes","Lamnidae","Lamna","Lamna nasus"
"Leathesia difformis",144953,1,"Leathesia difformis","Chromista","Ochrophyta","Phaeophyceae","Ectocarpales","Chordariaceae","Leathesia","Leathesia difformis"
"Lebbeus groenlandicus",107520,58,"Lebbeus groenlandicus","Animalia","Arthropoda","Malacostraca","Decapoda","Thoridae","Lebbeus","Lebbeus groenlandicus"
"Lebbeus microceros",158362,1,"Lebbeus microceros","Animalia","Arthropoda","Malacostraca","Decapoda","Thoridae","Lebbeus","Lebbeus microceros"
"Lebbeus polaris",107521,273,"Lebbeus polaris","Animalia","Arthropoda","Malacostraca","Decapoda","Thoridae","Lebbeus","Lebbeus polaris"
"Lebbeus zebra",584798,1,"Lebbeus zebra","Animalia","Arthropoda","Malacostraca","Decapoda","Thoridae","Lebbeus","Lebbeus zebra"
"Lepidion schmidti",126496,1,"Lepidion schmidti","Animalia","Chordata","Teleostei","Gadiformes","Moridae","Lepidion","Lepidion schmidti"
"Lepophidium profundorum",158762,64,"Lepophidium profundorum","Animalia","Chordata","Teleostei","Ophidiiformes","Ophidiidae","Lepophidium","Lepophidium profundorum"
"Leptagonus decagonus",127191,495,"Leptagonus decagonus","Animalia","Chordata","Teleostei","Perciformes","Agonidae","Leptagonus","Leptagonus decagonus"
"Leptasterias",123222,1719,"Leptasterias","Animalia","Echinodermata","Asteroidea","Forcipulatida","Asteriidae","Leptasterias",NA
"Leptychaster arcticus",123896,9,"Leptychaster arcticus","Animalia","Echinodermata","Asteroidea","Paxillosida","Astropectinidae","Leptychaster","Leptychaster arcticus"
"Leucoraja erinacea",158551,3014,"Leucoraja erinacea","Animalia","Chordata","Elasmobranchii","Rajiformes","Rajidae","Leucoraja","Leucoraja erinacea"
"Leucoraja ocellata",158553,4176,"Leucoraja ocellata","Animalia","Chordata","Elasmobranchii","Rajiformes","Rajidae","Leucoraja","Leucoraja ocellata"
"Limacina",138122,1,"Limacina","Animalia","Mollusca","Gastropoda","Pteropoda","Limacinidae","Limacina",NA
"Limanda ferruginea",158879,6501,"Limanda ferruginea","Animalia","Chordata","Teleostei","Pleuronectiformes","Pleuronectidae","Limanda","Limanda ferruginea"
"Liopsetta putnami",158882,1,"Liopsetta putnami","Animalia","Chordata","Teleostei","Pleuronectiformes","Pleuronectidae","Liopsetta","Liopsetta putnami"
"Liparis atlanticus",159524,132,"Liparis atlanticus","Animalia","Chordata","Teleostei","Perciformes","Liparidae","Liparis","Liparis atlanticus"
"Liparis coheni",159525,5,"Liparis coheni","Animalia","Chordata","Teleostei","Perciformes","Liparidae","Liparis","Liparis coheni"
"Liparis fabricii",127218,79,"Liparis fabricii","Animalia","Chordata","Teleostei","Perciformes","Liparidae","Liparis","Liparis fabricii"
"Liparis gibbus",159526,102,"Liparis gibbus","Animalia","Chordata","Teleostei","Perciformes","Liparidae","Liparis","Liparis gibbus"
"Liparis inquilinus",159528,19,"Liparis inquilinus","Animalia","Chordata","Teleostei","Perciformes","Liparidae","Liparis","Liparis inquilinus"
"Liparis liparis liparis",293624,3,"Liparis liparis liparis","Animalia","Chordata","Teleostei","Perciformes","Liparidae","Liparis","Liparis liparis"
"Liparis tunicatus",154825,5,"Liparis tunicatus","Animalia","Chordata","Teleostei","Perciformes","Liparidae","Liparis","Liparis tunicatus"
"Lipogenys gillii",158559,2,"Lipogenys gillii","Animalia","Chordata","Teleostei","Notacanthiformes","Notacanthidae","Lipogenys","Lipogenys gillii"
"Lithodes maja",107205,779,"Lithodes maja","Animalia","Arthropoda","Malacostraca","Decapoda","Lithodidae","Lithodes","Lithodes maja"
"Loligo pealeii",157025,812,"Loligo pealeii","Animalia","Mollusca","Cephalopoda","Myopsida","Loliginidae","Loligo","Loligo pealeii"
"Lophaster furcifer",124156,11,"Lophaster furcifer","Animalia","Echinodermata","Asteroidea","Valvatida","Solasteridae","Lophaster","Lophaster furcifer"
"Lophelia pertusa",135161,4,"Lophelia pertusa","Animalia","Cnidaria","Anthozoa","Scleractinia","Caryophylliidae","Lophelia","Lophelia pertusa"
"Lophius americanus",159184,3218,"Lophius americanus","Animalia","Chordata","Teleostei","Lophiiformes","Lophiidae","Lophius","Lophius americanus"
"Lopholatilus chamaeleonticeps",159406,3,"Lopholatilus chamaeleonticeps","Animalia","Chordata","Teleostei","Eupercaria incertae sedis","Malacanthidae","Lopholatilus","Lopholatilus chamaeleonticeps"
"Lumpenus fabricii",127073,9,"Lumpenus fabricii","Animalia","Chordata","Teleostei","Perciformes","Stichaeidae","Lumpenus","Lumpenus fabricii"
"Lumpenus lampretaeformis",154675,665,"Lumpenus lampretaeformis","Animalia","Chordata","Teleostei","Perciformes","Stichaeidae","Lumpenus","Lumpenus lampretaeformis"
"Lumpenus maculatus",305353,656,"Lumpenus maculatus","Animalia","Chordata","Teleostei","Perciformes","Stichaeidae","Lumpenus","Lumpenus maculatus"
"Lumpenus medius",156219,7,"Lumpenus medius","Animalia","Chordata","Teleostei","Perciformes","Stichaeidae","Lumpenus","Lumpenus medius"
"Lycenchelys paxillus",159257,29,"Lycenchelys paxillus","Animalia","Chordata","Teleostei","Perciformes","Zoarcidae","Lycenchelys","Lycenchelys paxillus"
"Lycenchelys verrilli",402541,55,"Lycenchelys verrilli","Animalia","Chordata","Teleostei","Perciformes","Zoarcidae","Lycenchelys","Lycenchelys verrilli"
"Lycodes esmarki",159260,8,"Lycodes esmarki","Animalia","Chordata","Teleostei","Perciformes","Zoarcidae","Lycodes","Lycodes esmarki"
"Lycodes eudipleurostictus",127104,4,"Lycodes eudipleurostictus","Animalia","Chordata","Teleostei","Perciformes","Zoarcidae","Lycodes","Lycodes eudipleurostictus"
"Lycodes lavalaei",127107,108,"Lycodes lavalaei","Animalia","Chordata","Teleostei","Perciformes","Zoarcidae","Lycodes","Lycodes lavalaei"
"Lycodes pallidus",127110,4,"Lycodes pallidus","Animalia","Chordata","Teleostei","Perciformes","Zoarcidae","Lycodes","Lycodes pallidus"
"Lycodes polaris",127111,5,"Lycodes polaris","Animalia","Chordata","Teleostei","Perciformes","Zoarcidae","Lycodes","Lycodes polaris"
"Lycodes reticulatus",127112,86,"Lycodes reticulatus","Animalia","Chordata","Teleostei","Perciformes","Zoarcidae","Lycodes","Lycodes reticulatus"
"Lycodes terraenova",127117,84,"Lycodes terraenovae","Animalia","Chordata","Teleostei","Perciformes","Zoarcidae","Lycodes","Lycodes terraenovae"
"Lycodes vahlii",127118,939,"Lycodes vahlii","Animalia","Chordata","Teleostei","Perciformes","Zoarcidae","Lycodes","Lycodes vahlii"
"Macrorhamphosus scolopax",217972,1,"Macrorhamphosus scolopax","Animalia","Chordata","Teleostei","Syngnathiformes","Centriscidae","Macrorhamphosus","Macrorhamphosus scolopax"
"Macrostomias longibarbatus",319026,1,"Macrostomias longibarbatus","Animalia","Chordata","Teleostei","Stomiiformes","Stomiidae","Macrostomias","Macrostomias longibarbatus"
"Macrourus berglax",126472,29,"Macrourus berglax","Animalia","Chordata","Teleostei","Gadiformes","Macrouridae","Macrourus","Macrourus berglax"
"Mactromeris polynyma",156863,14,"Mactromeris polynyma","Animalia","Mollusca","Bivalvia","Venerida","Mactridae","Mactromeris","Mactromeris polynyma"
"Magnisudis atlantica",126359,13,"Magnisudis atlantica","Animalia","Chordata","Teleostei","Aulopiformes","Paralepididae","Magnisudis","Magnisudis atlantica"
"Malacocephalus occidentalis",158741,4,"Malacocephalus occidentalis","Animalia","Chordata","Teleostei","Gadiformes","Macrouridae","Malacocephalus","Malacocephalus occidentalis"
"Malacoraja senta",158554,2994,"Malacoraja senta","Animalia","Chordata","Elasmobranchii","Rajiformes","Rajidae","Malacoraja","Malacoraja senta"
"Malacosteus niger",127358,4,"Malacosteus niger","Animalia","Chordata","Teleostei","Stomiiformes","Stomiidae","Malacosteus","Malacosteus niger"
"Mallotus villosus",126735,1083,"Mallotus villosus","Animalia","Chordata","Teleostei","Osmeriformes","Osmeridae","Mallotus","Mallotus villosus"
"Margarites",138592,8,"Margarites","Animalia","Mollusca","Gastropoda","Trochida","Margaritidae","Margarites",NA
"Mastigoteuthis",138168,5,"Mastigoteuthis","Animalia","Mollusca","Cephalopoda","Oegopsida","Mastigoteuthidae","Mastigoteuthis",NA
"Maurolicus muelleri",127312,109,"Maurolicus muelleri","Animalia","Chordata","Teleostei","Stomiiformes","Sternoptychidae","Maurolicus","Maurolicus muelleri"
"Mediaster bairdi",124045,10,"Mediaster bairdi","Animalia","Echinodermata","Asteroidea","Valvatida","Goniasteridae","Mediaster","Mediaster bairdi"
"Melamphaes microps",127268,1,"Melamphaes microps","Animalia","Chordata","Teleostei","Beryciformes","Melamphaidae","Melamphaes","Melamphaes microps"
"Melamphaes suborbitalis",127270,1,"Melamphaes suborbitalis","Animalia","Chordata","Teleostei","Beryciformes","Melamphaidae","Melamphaes","Melamphaes suborbitalis"
"Melanogrammus aeglefinus",126437,10310,"Melanogrammus aeglefinus","Animalia","Chordata","Teleostei","Gadiformes","Gadidae","Melanogrammus","Melanogrammus aeglefinus"
"Melanostigma atlanticum",127120,132,"Melanostigma atlanticum","Animalia","Chordata","Teleostei","Perciformes","Zoarcidae","Melanostigma","Melanostigma atlanticum"
"Menidia menidia",159228,10,"Menidia menidia","Animalia","Chordata","Teleostei","Atheriniformes","Atherinopsidae","Menidia","Menidia menidia"
"Mercenaria mercenaria",141919,5,"Mercenaria mercenaria","Animalia","Mollusca","Bivalvia","Venerida","Veneridae","Mercenaria","Mercenaria mercenaria"
"Merluccius albidus",158748,328,"Merluccius albidus","Animalia","Chordata","Teleostei","Gadiformes","Merlucciidae","Merluccius","Merluccius albidus"
"Merluccius bilinearis",158962,7953,"Merluccius bilinearis","Animalia","Chordata","Teleostei","Gadiformes","Merlucciidae","Merluccius","Merluccius bilinearis"
"Metridium senile",100982,15,"Metridium senile","Animalia","Cnidaria","Anthozoa","Actiniaria","Metridiidae","Metridium","Metridium senile"
"Microgadus tomcod",158928,46,"Microgadus tomcod","Animalia","Chordata","Teleostei","Gadiformes","Gadidae","Microgadus","Microgadus tomcod"
"Micromesistius poutassou",126439,3,"Micromesistius poutassou","Animalia","Chordata","Teleostei","Gadiformes","Gadidae","Micromesistius","Micromesistius poutassou"
"Modiolus modiolus",140467,76,"Modiolus modiolus","Animalia","Mollusca","Bivalvia","Mytilida","Mytilidae","Modiolus","Modiolus modiolus"
"Mola mola",127405,1,"Mola mola","Animalia","Chordata","Teleostei","Tetraodontiformes","Molidae","Mola","Mola mola"
"Molpadia",123540,7,"Molpadia","Animalia","Echinodermata","Holothuroidea","Molpadida","Molpadiidae","Molpadia",NA
"Monolene sessilicauda",159213,3,"Monolene sessilicauda","Animalia","Chordata","Teleostei","Pleuronectiformes","Bothidae","Monolene","Monolene sessilicauda"
"Monstrilla",119780,6,"Monstrilla","Animalia","Arthropoda","Copepoda","Monstrilloida","Monstrillidae","Monstrilla",NA
"Munida iris",158398,43,"Munida iris","Animalia","Arthropoda","Malacostraca","Decapoda","Munididae","Munida","Munida iris"
"Munida valida",158399,33,"Munida valida","Animalia","Arthropoda","Malacostraca","Decapoda","Munididae","Munida","Munida valida"
"Munidopsis curvirostra",107175,39,"Munidopsis curvirostra","Animalia","Arthropoda","Malacostraca","Decapoda","Munidopsidae","Munidopsis","Munidopsis curvirostra"
"Musculus",138225,5,"Musculus","Animalia","Mollusca","Bivalvia","Mytilida","Mytilidae","Musculus",NA
"Mustelus canis",158518,1,"Mustelus canis","Animalia","Chordata","Elasmobranchii","Carcharhiniformes","Triakidae","Mustelus","Mustelus canis"
"Mya arenaria",140430,5,"Mya arenaria","Animalia","Mollusca","Bivalvia","Myida","Myidae","Mya","Mya arenaria"
"Mycteroperca",126069,3,"Mycteroperca","Animalia","Chordata","Teleostei","Perciformes","Serranidae","Mycteroperca",NA
"Myctophidae",125498,18590,"Myctophidae","Animalia","Chordata","Teleostei","Myctophiformes","Myctophidae",NA,NA
"Myoxocephalus",126152,30140,"Myoxocephalus","Animalia","Chordata","Teleostei","Perciformes","Cottidae","Myoxocephalus",NA
"Mytilus",138228,98,"Mytilus","Animalia","Mollusca","Bivalvia","Mytilida","Mytilidae","Mytilus",NA
"Myxine glutinosa",101170,1171,"Myxine glutinosa","Animalia","Chordata","Myxini","Myxiniformes","Myxinidae","Myxine","Myxine glutinosa"
"Naticidae",145,1536,"Naticidae","Animalia","Mollusca","Gastropoda","Littorinimorpha","Naticidae",NA,NA
"Naucrates ductor",126811,1,"Naucrates ductor","Animalia","Chordata","Teleostei","Carangiformes","Carangidae","Naucrates","Naucrates ductor"
"Nealotus tripes",126864,3,"Nealotus tripes","Animalia","Chordata","Teleostei","Scombriformes","Gempylidae","Nealotus","Nealotus tripes"
"Nemichthys scolopaceus",126306,131,"Nemichthys scolopaceus","Animalia","Chordata","Teleostei","Anguilliformes","Nemichthyidae","Nemichthys","Nemichthys scolopaceus"
"Neocyttus helgae",127423,1,"Neocyttus helgae","Animalia","Chordata","Teleostei","Zeiformes","Oreosomatidae","Neocyttus","Neocyttus helgae"
"Neolithodes grimaldii",107206,22,"Neolithodes grimaldii","Animalia","Arthropoda","Malacostraca","Decapoda","Lithodidae","Neolithodes","Neolithodes grimaldii"
"Neptunea",137710,258,"Neptunea","Animalia","Mollusca","Gastropoda","Neogastropoda","Buccinidae","Neptunea",NA
"Nessorhamphus ingolfianus",126292,13,"Nessorhamphus ingolfianus","Animalia","Chordata","Teleostei","Anguilliformes","Derichthyidae","Nessorhamphus","Nessorhamphus ingolfianus"
"Nezumia aequalis",126473,2,"Nezumia aequalis","Animalia","Chordata","Teleostei","Gadiformes","Macrouridae","Nezumia","Nezumia aequalis"
"Nezumia bairdii",183289,1075,"Nezumia bairdii","Animalia","Chordata","Teleostei","Gadiformes","Macrouridae","Nezumia","Nezumia bairdii"
"Notacanthus chemnitzii",126643,29,"Notacanthus chemnitzii","Animalia","Chordata","Teleostei","Notacanthiformes","Notacanthidae","Notacanthus","Notacanthus chemnitzii"
"Notolepis rissoi",147037,438,"Notolepis rissoi","Animalia","Chordata","Teleostei","Aulopiformes","Paralepididae","Notolepis","Notolepis rissoi"
"Nucella lapillus",140403,1,"Nucella lapillus","Animalia","Mollusca","Gastropoda","Neogastropoda","Muricidae","Nucella","Nucella lapillus"
"Nucula",138262,1,"Nucula","Animalia","Mollusca","Bivalvia","Nuculida","Nuculidae","Nucula",NA
"Nymphon",134591,34,"Nymphon","Animalia","Arthropoda","Pycnogonida","Pantopoda","Nymphonidae","Nymphon",NA
"Octopoteuthis",138271,6,"Octopoteuthis","Animalia","Mollusca","Cephalopoda","Oegopsida","Octopoteuthidae","Octopoteuthis",NA
"Oithona spinirostris",157737,1,"Oithona spinirostris","Animalia","Arthropoda","Copepoda","Cyclopoida","Oithonidae","Oithona","Oithona spinirostris"
"Ommastrephes",138279,16,"Ommastrephes","Animalia","Mollusca","Cephalopoda","Oegopsida","Ommastrephidae","Ommastrephes",NA
"Omosudis lowii",272087,5,"Omosudis lowii","Animalia","Chordata","Teleostei","Aulopiformes","Omosudidae","Omosudis","Omosudis lowii"
"Oncopagurus",106856,1,"Oncopagurus","Animalia","Arthropoda","Malacostraca","Decapoda","Parapaguridae","Oncopagurus",NA
"Oneirodes",125811,1,"Oneirodes","Animalia","Chordata","Teleostei","Lophiiformes","Oneirodidae","Oneirodes",NA
"Ophelia",129413,1,"Ophelia","Animalia","Annelida","Polychaeta",NA,"Opheliidae","Ophelia",NA
"Ophiacantha abyssicola",124973,20,"Ophiacantha abyssicola","Animalia","Echinodermata","Ophiuroidea","Ophiacanthida","Ophiacanthidae","Ophiacantha","Ophiacantha abyssicola"
"Ophiacantha bidentata",124978,39,"Ophiacantha bidentata","Animalia","Echinodermata","Ophiuroidea","Ophiacanthida","Ophiacanthidae","Ophiacantha","Ophiacantha bidentata"
"Ophichthus cruentifer",158644,4,"Ophichthus cruentifer","Animalia","Chordata","Teleostei","Anguilliformes","Ophichthidae","Ophichthus","Ophichthus cruentifer"
"Ophiomusa lymani",245559,1,"Ophiomusa lymani","Animalia","Echinodermata","Ophiuroidea","Ophiurida","Ophiomusaidae","Ophiomusa","Ophiomusa lymani"
"Ophiopholis aculeata",125125,269,"Ophiopholis aculeata","Animalia","Echinodermata","Ophiuroidea","Amphilepidida","Ophiopholidae","Ophiopholis","Ophiopholis aculeata"
"Ophiura",123574,382,"Ophiura","Animalia","Echinodermata","Ophiuroidea","Ophiurida","Ophiuridae","Ophiura",NA
"Oplophorus spinosus",107602,3,"Oplophorus spinosus","Animalia","Arthropoda","Malacostraca","Decapoda","Oplophoridae","Oplophorus","Oplophorus spinosus"
"Osmerus mordax mordax",293649,110,"Osmerus mordax mordax","Animalia","Chordata","Teleostei","Osmeriformes","Osmeridae","Osmerus","Osmerus mordax"
"Ovalipes ocellatus",158434,3,"Ovalipes ocellatus","Animalia","Arthropoda","Malacostraca","Decapoda","Ovalipidae","Ovalipes","Ovalipes ocellatus"
"Pachycerianthus borealis",283816,12,"Pachycerianthus borealis","Animalia","Cnidaria","Anthozoa","Spirularia","Cerianthidae","Pachycerianthus","Pachycerianthus borealis"
"Pagurus",106854,1600,"Pagurus","Animalia","Arthropoda","Malacostraca","Decapoda","Paguridae","Pagurus",NA
"Palmaria palmata",145771,7,"Palmaria palmata","Plantae",NA,"Florideophyceae","Palmariales","Palmariaceae","Palmaria","Palmaria palmata"
"Pandalus borealis",107649,1149,"Pandalus borealis","Animalia","Arthropoda","Malacostraca","Decapoda","Pandalidae","Pandalus","Pandalus borealis"
"Pandalus montagui",107651,2740,"Pandalus montagui","Animalia","Arthropoda","Malacostraca","Decapoda","Pandalidae","Pandalus","Pandalus montagui"
"Pandora gouldiana",156932,2,"Pandora gouldiana","Animalia","Mollusca","Bivalvia",NA,"Pandoridae","Pandora","Pandora gouldiana"
"Parablennius marmoreus",159609,1,"Parablennius marmoreus","Animalia","Chordata","Teleostei","Blenniiformes","Blenniidae","Parablennius","Parablennius marmoreus"
"Paragorgia arborea",125418,51,"Paragorgia arborea","Animalia","Cnidaria","Anthozoa","Scleralcyonacea","Coralliidae","Paragorgia","Paragorgia arborea"
"Paralepis atlantica",299959,23,"Paralepis atlantica","Animalia","Chordata","Teleostei","Aulopiformes","Paralepididae","Paralepis","Paralepis atlantica"
"Paralepis elongata",158874,2,"Paralepis elongata","Animalia","Chordata","Teleostei","Aulopiformes","Paralepididae","Paralepis","Paralepis elongata"
"Paralichthys dentatus",158826,96,"Paralichthys dentatus","Animalia","Chordata","Teleostei","Pleuronectiformes","Paralichthyidae","Paralichthys","Paralichthys dentatus"
"Paraliparis calidus",159529,13,"Paraliparis calidus","Animalia","Chordata","Teleostei","Perciformes","Liparidae","Paraliparis","Paraliparis calidus"
"Paraliparis copei",159530,43,"Paraliparis copei","Animalia","Chordata","Teleostei","Perciformes","Liparidae","Paraliparis","Paraliparis copei"
"Paraliparis garmani",159531,2,"Paraliparis garmani","Animalia","Chordata","Teleostei","Perciformes","Liparidae","Paraliparis","Paraliparis garmani"
"Parapasiphae sulcatifrons",107673,12,"Parapasiphae sulcatifrons","Animalia","Arthropoda","Malacostraca","Decapoda","Pasiphaeidae","Parapasiphae","Parapasiphae sulcatifrons"
"Parasudis truculenta",158868,66,"Parasudis truculenta","Animalia","Chordata","Teleostei","Aulopiformes","Chlorophthalmidae","Parasudis","Parasudis truculenta"
"Parathemisto",147082,6,"Parathemisto","Animalia","Arthropoda","Malacostraca","Amphipoda","Hyperiidae","Parathemisto",NA
"Pasiphaea multidentata",107676,351,"Pasiphaea multidentata","Animalia","Arthropoda","Malacostraca","Decapoda","Pasiphaeidae","Pasiphaea","Pasiphaea multidentata"
"Pasiphaea tarda",107678,35,"Pasiphaea tarda","Animalia","Arthropoda","Malacostraca","Decapoda","Pasiphaeidae","Pasiphaea","Pasiphaea tarda"
"Pelagia noctiluca",135305,13,"Pelagia noctiluca","Animalia","Cnidaria","Scyphozoa","Semaeostomeae","Pelagiidae","Pelagia","Pelagia noctiluca"
"Pennatula aculeata",128515,56,"Pennatula aculeata","Animalia","Cnidaria","Anthozoa","Scleralcyonacea","Pennatulidae","Pennatula","Pennatula aculeata"
"Pennatula grandis",128516,6,"Pennatula grandis","Animalia","Cnidaria","Anthozoa","Scleralcyonacea","Pennatulidae","Pennatula","Pennatula grandis"
"Pentamera calcigera",124655,1,"Pentamera calcigera","Animalia","Echinodermata","Holothuroidea","Dendrochirotida","Phyllophoridae","Pentamera","Pentamera calcigera"
"Peprilus triacanthus",159828,972,"Peprilus triacanthus","Animalia","Chordata","Teleostei","Scombriformes","Stromateidae","Peprilus","Peprilus triacanthus"
"Periphylla periphylla",135294,6,"Periphylla periphylla","Animalia","Cnidaria","Scyphozoa","Coronatae","Periphyllidae","Periphylla","Periphylla periphylla"
"Peristedion miniatum",159550,22,"Peristedion miniatum","Animalia","Chordata","Teleostei","Perciformes","Peristediidae","Peristedion","Peristedion miniatum"
"Petromyzon marinus",101174,130,"Petromyzon marinus","Animalia","Chordata","Petromyzonti","Petromyzontiformes","Petromyzontidae","Petromyzon","Petromyzon marinus"
"Pholis fasciata",159846,7,"Pholis fasciata","Animalia","Chordata","Teleostei","Perciformes","Pholidae","Pholis","Pholis fasciata"
"Pholis gunnellus",126996,30,"Pholis gunnellus","Animalia","Chordata","Teleostei","Perciformes","Pholidae","Pholis","Pholis gunnellus"
"Photostomias guernei",127372,1,"Photostomias guernei","Animalia","Chordata","Teleostei","Stomiiformes","Stomiidae","Photostomias","Photostomias guernei"
"Phronima",101804,13,"Phronima","Animalia","Arthropoda","Malacostraca","Amphipoda","Phronimidae","Phronima",NA
"Plesionika martia",107661,8,"Plesionika martia","Animalia","Arthropoda","Malacostraca","Decapoda","Pandalidae","Plesionika","Plesionika martia"
"Plutonaster agassizi",123639,5,"Plutonaster agassizi","Animalia","Echinodermata","Asteroidea","Paxillosida","Astropectinidae","Plutonaster","Plutonaster agassizi"
"Pollachius virens",126441,4591,"Pollachius virens","Animalia","Chordata","Teleostei","Gadiformes","Gadidae","Pollachius","Pollachius virens"
"Polyacanthonotus rissoanus",126645,3,"Polyacanthonotus rissoanus","Animalia","Chordata","Teleostei","Notacanthiformes","Notacanthidae","Polyacanthonotus","Polyacanthonotus rissoanus"
"Polycheles sculptus",183356,10,"Polycheles sculptus","Animalia","Arthropoda","Malacostraca","Decapoda","Polychelidae","Polycheles","Polycheles sculptus"
"Polyipnus clarus",158840,64,"Polyipnus clarus","Animalia","Chordata","Teleostei","Stomiiformes","Sternoptychidae","Polyipnus","Polyipnus clarus"
"Polymetme corythaeola",127300,1,"Polymetme corythaeola","Animalia","Chordata","Teleostei","Stomiiformes","Phosichthyidae","Polymetme","Polymetme corythaeola"
"Polymixia lowei",158923,31,"Polymixia lowei","Animalia","Chordata","Teleostei","Polymixiiformes","Polymixiidae","Polymixia","Polymixia lowei"
"Polymixia nobilis",127163,11,"Polymixia nobilis","Animalia","Chordata","Teleostei","Polymixiiformes","Polymixiidae","Polymixia","Polymixia nobilis"
"Polynoidae",939,535,"Polynoidae","Animalia","Annelida","Polychaeta","Phyllodocida","Polynoidae",NA,NA
"Pontaster",123244,30,"Pontaster","Animalia","Echinodermata","Asteroidea","Notomyotida","Benthopectinidae","Pontaster",NA
"Pontophilus norvegicus",107563,207,"Pontophilus norvegicus","Animalia","Arthropoda","Malacostraca","Decapoda","Crangonidae","Pontophilus","Pontophilus norvegicus"
"Porania pulvillus",125166,312,"Porania (Porania) pulvillus","Animalia","Echinodermata","Asteroidea","Valvatida","Poraniidae","Porania","Porania (Porania) pulvillus"
"Poraniomorpha",123321,342,"Poraniomorpha","Animalia","Echinodermata","Asteroidea","Valvatida","Poraniidae","Poraniomorpha",NA
"Porifera",558,32435,"Porifera","Animalia","Porifera",NA,NA,NA,NA,NA
"Poromitra crassiceps",127273,1,"Poromitra crassiceps","Animalia","Chordata","Teleostei","Beryciformes","Melamphaidae","Poromitra","Poromitra crassiceps"
"Potamilla neglecta",130954,1,"Potamilla neglecta","Animalia","Annelida","Polychaeta","Sabellida","Sabellidae","Potamilla","Potamilla neglecta"
"Primnoa resedaeformis",125411,17,"Primnoa resedaeformis","Animalia","Cnidaria","Anthozoa","Scleralcyonacea","Primnoidae","Primnoa","Primnoa resedaeformis"
"Prionotus carolinus",159571,51,"Prionotus carolinus","Animalia","Chordata","Teleostei","Perciformes","Triglidae","Prionotus","Prionotus carolinus"
"Pseudarchaster parelii",124085,504,"Pseudarchaster parelii","Animalia","Echinodermata","Asteroidea","Paxillosida","Pseudarchasteridae","Pseudarchaster","Pseudarchaster parelii"
"Pseudopleuronectes americanus",158885,3155,"Pseudopleuronectes americanus","Animalia","Chordata","Teleostei","Pleuronectiformes","Pleuronectidae","Pseudopleuronectes","Pseudopleuronectes americanus"
"Pseudoscopelus",125958,1,"Pseudoscopelus","Animalia","Chordata","Teleostei","Scombriformes","Chiasmodontidae","Pseudoscopelus",NA
"Psilaster andromeda",123908,323,"Psilaster andromeda","Animalia","Echinodermata","Asteroidea","Paxillosida","Astropectinidae","Psilaster","Psilaster andromeda"
"Psolus fabricii",124703,4,"Psolus fabricii","Animalia","Echinodermata","Holothuroidea","Dendrochirotida","Psolidae","Psolus","Psolus fabricii"
"Psolus phantapus",124710,17,"Psolus phantapus","Animalia","Echinodermata","Holothuroidea","Dendrochirotida","Psolidae","Psolus","Psolus phantapus"
"Pteraster militaris",124147,298,"Pteraster militaris","Animalia","Echinodermata","Asteroidea","Velatida","Pterasteridae","Pteraster","Pteraster militaris"
"Pteraster pulvillus",124151,75,"Pteraster pulvillus","Animalia","Echinodermata","Asteroidea","Velatida","Pterasteridae","Pteraster","Pteraster pulvillus"
"Pterygioteuthis",138422,1,"Pterygioteuthis","Animalia","Mollusca","Cephalopoda","Oegopsida","Pyroteuthidae","Pterygioteuthis",NA
"Puffinus gravis",137201,1,"Puffinus gravis","Animalia","Chordata","Aves","Procellariiformes","Procellariidae","Puffinus","Puffinus gravis"
"Pycnogonum litorale",239867,19,"Pycnogonum litorale","Animalia","Arthropoda","Pycnogonida","Pantopoda","Pycnogonidae","Pycnogonum","Pycnogonum litorale"
"Radicipes gracilis",125357,22,"Radicipes gracilis","Animalia","Cnidaria","Anthozoa","Scleralcyonacea","Chrysogorgiidae","Radicipes","Radicipes gracilis"
"Raja bathyphila",298861,1,"Raja bathyphila","Animalia","Chordata","Elasmobranchii","Rajiformes","Rajidae","Raja","Raja bathyphila"
"Raja eglanteria",158556,4,"Raja eglanteria","Animalia","Chordata","Elasmobranchii","Rajiformes","Rajidae","Raja","Raja eglanteria"
"Raja garmani",298918,3,"Raja garmani","Animalia","Chordata","Elasmobranchii","Rajiformes","Rajidae","Raja","Raja garmani"
"Rajella fyllae",105894,29,"Rajella fyllae","Animalia","Chordata","Elasmobranchii","Rajiformes","Rajidae","Rajella","Rajella fyllae"
"Reinhardtius hippoglossoides",127144,1268,"Reinhardtius hippoglossoides","Animalia","Chordata","Teleostei","Pleuronectiformes","Pleuronectidae","Reinhardtius","Reinhardtius hippoglossoides"
"Remora brachyptera",126851,1,"Remora brachyptera","Animalia","Chordata","Teleostei","Carangiformes","Echeneidae","Remora","Remora brachyptera"
"Rhachotropis aculeata",102224,13,"Rhachotropis aculeata","Animalia","Arthropoda","Malacostraca","Amphipoda","Eusiridae","Rhachotropis","Rhachotropis aculeata"
"Rhinochimaera atlantica",105830,26,"Rhinochimaera atlantica","Animalia","Chordata","Holocephali","Chimaeriformes","Rhinochimaeridae","Rhinochimaera","Rhinochimaera atlantica"
"Rondeletia loricata",126412,4,"Rondeletia loricata","Animalia","Chordata","Teleostei","Beryciformes","Rondeletiidae","Rondeletia","Rondeletia loricata"
"Rossia",138481,7,"Rossia","Animalia","Mollusca","Cephalopoda","Sepiida","Sepiolidae","Rossia",NA
"Rouleina attrita",126709,4,"Rouleina attrita","Animalia","Chordata","Teleostei","Alepocephaliformes","Alepocephalidae","Rouleina","Rouleina attrita"
"Rouleina maderensis",126710,1,"Rouleina maderensis","Animalia","Chordata","Teleostei","Alepocephaliformes","Alepocephalidae","Rouleina","Rouleina maderensis"
"Sabinea sarsii",107566,36,"Sabinea sarsii","Animalia","Arthropoda","Malacostraca","Decapoda","Crangonidae","Sabinea","Sabinea sarsii"
"Sabinea septemcarinata",107567,22,"Sabinea septemcarinata","Animalia","Arthropoda","Malacostraca","Decapoda","Crangonidae","Sabinea","Sabinea septemcarinata"
"Saccorhiza dermatodea",145734,1,"Saccorhiza dermatodea","Chromista","Ochrophyta","Phaeophyceae","Tilopteridales","Phyllariaceae","Saccorhiza","Saccorhiza dermatodea"
"Salmo salar",127186,2,"Salmo salar","Animalia","Chordata","Teleostei","Salmoniformes","Salmonidae","Salmo","Salmo salar"
"Saurida brasiliensis",158756,2,"Saurida brasiliensis","Animalia","Chordata","Teleostei","Aulopiformes","Synodontidae","Saurida","Saurida brasiliensis"
"Scaphander punctostriatus",139490,16,"Scaphander punctostriatus","Animalia","Mollusca","Gastropoda","Cephalaspidea","Scaphandridae","Scaphander","Scaphander punctostriatus"
"Sclerasterias tanneri",178806,58,"Sclerasterias tanneri","Animalia","Echinodermata","Asteroidea","Forcipulatida","Asteriidae","Sclerasterias","Sclerasterias tanneri"
"Sclerocrangon boreas",107568,162,"Sclerocrangon boreas","Animalia","Arthropoda","Malacostraca","Decapoda","Crangonidae","Sclerocrangon","Sclerocrangon boreas"
"Scomber scombrus",127023,1738,"Scomber scombrus","Animalia","Chordata","Teleostei","Scombriformes","Scombridae","Scomber","Scomber scombrus"
"Scomberesox saurus saurus",236461,57,"Scomberesox saurus saurus","Animalia","Chordata","Teleostei","Beloniformes","Scomberesocidae","Scomberesox","Scomberesox saurus"
"Scopelarchus analis",126367,1,"Scopelarchus analis","Animalia","Chordata","Teleostei","Aulopiformes","Scopelarchidae","Scopelarchus","Scopelarchus analis"
"Scopeloberyx robustus",127276,1,"Scopeloberyx robustus","Animalia","Chordata","Teleostei","Beryciformes","Melamphaidae","Scopeloberyx","Scopeloberyx robustus"
"Scopelogadus beanii",127278,50,"Scopelogadus beanii","Animalia","Chordata","Teleostei","Beryciformes","Melamphaidae","Scopelogadus","Scopelogadus beanii"
"Scopelosaurus lepidus",126349,10,"Scopelosaurus lepidus","Animalia","Chordata","Teleostei","Aulopiformes","Notosudidae","Scopelosaurus","Scopelosaurus lepidus"
"Scophthalmus aquosus",158907,1771,"Scophthalmus aquosus","Animalia","Chordata","Teleostei","Pleuronectiformes","Scophthalmidae","Scophthalmus","Scophthalmus aquosus"
"Scyliorhinus retifer",158516,2,"Scyliorhinus retifer","Animalia","Chordata","Elasmobranchii","Carcharhiniformes","Scyliorhinidae","Scyliorhinus","Scyliorhinus retifer"
"Sebastes",126175,6227,"Sebastes","Animalia","Chordata","Teleostei","Perciformes","Sebastidae","Sebastes",NA
"Selar crumenophthalmus",159646,1,"Selar crumenophthalmus","Animalia","Chordata","Teleostei","Carangiformes","Carangidae","Selar","Selar crumenophthalmus"
"Sergia robusta",107136,60,"Sergia robusta","Animalia","Arthropoda","Malacostraca","Decapoda","Sergestidae","Sergia","Sergia robusta"
"Seriola dumerili",126816,1,"Seriola dumerili","Animalia","Chordata","Teleostei","Carangiformes","Carangidae","Seriola","Seriola dumerili"
"Serripes groenlandicus",582749,8,"Serripes groenlandicus","Animalia","Mollusca","Bivalvia","Cardiida","Cardiidae","Serripes","Serripes groenlandicus"
"Serrivomer beanii",126319,84,"Serrivomer beanii","Animalia","Chordata","Teleostei","Anguilliformes","Serrivomeridae","Serrivomer","Serrivomer beanii"
"Sertularia polyzonias",152089,26,"Sertularia polyzonias","Animalia","Cnidaria","Hydrozoa","Leptothecata","Sertulariidae","Sertularia","Sertularia polyzonias"
"Setarches guentheri",127258,2,"Setarches guentheri","Animalia","Chordata","Teleostei","Perciformes","Setarchidae","Setarches","Setarches guentheri"
"Siliqua",159997,1,"Siliqua","Animalia","Mollusca","Bivalvia","Adapedonta","Pharidae","Siliqua",NA
"Simenchelys parasitica",126327,35,"Simenchelys parasitica","Animalia","Chordata","Teleostei","Anguilliformes","Synaphobranchidae","Simenchelys","Simenchelys parasitica"
"Solaster endeca",124160,1698,"Solaster endeca","Animalia","Echinodermata","Asteroidea","Valvatida","Solasteridae","Solaster","Solaster endeca"
"Solemya borealis",156992,1,"Solemya borealis","Animalia","Mollusca","Bivalvia","Solemyida","Solemyidae","Solemya","Solemya borealis"
"Sphoeroides maculatus",158934,8,"Sphoeroides maculatus","Animalia","Chordata","Teleostei","Tetraodontiformes","Tetraodontidae","Sphoeroides","Sphoeroides maculatus"
"Spinolambrus pourtalesii",442342,4,"Spinolambrus pourtalesii","Animalia","Arthropoda","Malacostraca","Decapoda","Parthenopidae","Spinolambrus","Spinolambrus pourtalesii"
"Spirontocaris fabricii",579998,1,"Spirontocaris fabricii","Animalia","Arthropoda","Malacostraca","Decapoda","Thoridae","Spirontocaris","Spirontocaris fabricii"
"Spirontocaris liljeborgii",107531,157,"Spirontocaris liljeborgii","Animalia","Arthropoda","Malacostraca","Decapoda","Thoridae","Spirontocaris","Spirontocaris liljeborgii"
"Spirontocaris phippsii",107532,16,"Spirontocaris phippsii","Animalia","Arthropoda","Malacostraca","Decapoda","Thoridae","Spirontocaris","Spirontocaris phippsii"
"Spirontocaris spinus",107533,102,"Spirontocaris spinus","Animalia","Arthropoda","Malacostraca","Decapoda","Thoridae","Spirontocaris","Spirontocaris spinus"
"Spisula solidissima",156996,17,"Spisula solidissima","Animalia","Mollusca","Bivalvia","Venerida","Mactridae","Spisula","Spisula solidissima"
"Squalus acanthias",105923,3709,"Squalus acanthias","Animalia","Chordata","Elasmobranchii","Squaliformes","Squalidae","Squalus","Squalus acanthias"
"Stegocephalus inflatus",103105,3,"Stegocephalus inflatus","Animalia","Arthropoda","Malacostraca","Amphipoda","Stegocephalidae","Stegocephalus","Stegocephalus inflatus"
"Stenotomus chrysops",159811,7,"Stenotomus chrysops","Animalia","Chordata","Teleostei","Eupercaria incertae sedis","Sparidae","Stenotomus","Stenotomus chrysops"
"Stephanasterias albula",123808,1,"Stephanasterias albula","Animalia","Echinodermata","Asteroidea","Forcipulatida","Asteriidae","Stephanasterias","Stephanasterias albula"
"Stephanolepis hispidus",127409,4,"Stephanolepis hispidus","Animalia","Chordata","Teleostei","Tetraodontiformes","Monacanthidae","Stephanolepis","Stephanolepis hispidus"
"Stereoderma unisemita",158488,6,"Stereoderma unisemita","Animalia","Echinodermata","Holothuroidea","Dendrochirotida","Cucumariidae","Stereoderma","Stereoderma unisemita"
"Stereomastis sculpta",107700,4,"Stereomastis sculpta","Animalia","Arthropoda","Malacostraca","Decapoda","Polychelidae","Stereomastis","Stereomastis sculpta"
"Sternoptyx diaphana",127314,9,"Sternoptyx diaphana","Animalia","Chordata","Teleostei","Stomiiformes","Sternoptychidae","Sternoptyx","Sternoptyx diaphana"
"Stichaeus punctatus",159819,2,"Stichaeus punctatus","Animalia","Chordata","Teleostei","Perciformes","Stichaeidae","Stichaeus","Stichaeus punctatus"
"Stomias boa ferox",158737,288,"Stomias boa ferox","Animalia","Chordata","Teleostei","Stomiiformes","Stomiidae","Stomias","Stomias boa"
"Stomphia coccinea",100854,5,"Stomphia coccinea","Animalia","Cnidaria","Anthozoa","Actiniaria","Actinostolidae","Stomphia","Stomphia coccinea"
"Strongylocentrotus",123390,4228,"Strongylocentrotus","Animalia","Echinodermata","Echinoidea","Camarodonta","Strongylocentrotidae","Strongylocentrotus",NA
"Symphurus diomedeanus",159358,160,"Symphurus diomedeanus","Animalia","Chordata","Teleostei","Pleuronectiformes","Cynoglossidae","Symphurus","Symphurus diomedeanus"
"Synagrops bella",401231,4,"Synagrops bella","Animalia","Chordata","Teleostei","Acropomatiformes","Acropomatidae","Synagrops","Synagrops bella"
"Synaphobranchus kaupii",126328,136,"Synaphobranchus kaupii","Animalia","Chordata","Teleostei","Anguilliformes","Synaphobranchidae","Synaphobranchus","Synaphobranchus kaupii"
"Syngnathus fuscus",159451,98,"Syngnathus fuscus","Animalia","Chordata","Teleostei","Syngnathiformes","Syngnathidae","Syngnathus","Syngnathus fuscus"
"Syscenus infelix",156446,5,"Syscenus infelix","Animalia","Arthropoda","Malacostraca","Isopoda","Aegidae","Syscenus","Syscenus infelix"
"Tautogolabrus adspersus",159785,370,"Tautogolabrus adspersus","Animalia","Chordata","Teleostei","Eupercaria incertae sedis","Labridae","Tautogolabrus","Tautogolabrus adspersus"
"Tealia felina",100798,11,"Tealia felina","Animalia","Cnidaria","Anthozoa","Actiniaria","Actiniidae","Tealia","Tealia felina"
"Terebratulina septentrionalis",104056,18,"Terebratulina septentrionalis","Animalia","Brachiopoda","Rhynchonellata","Terebratulida","Cancellothyrididae","Terebratulina","Terebratulina septentrionalis"
"Teuthowenia megalops",139429,3,"Teuthowenia megalops","Animalia","Mollusca","Cephalopoda","Oegopsida","Cranchiidae","Teuthowenia","Teuthowenia megalops"
"Thyonella pervicax",422527,3,"Thyonella pervicax","Animalia","Echinodermata","Holothuroidea","Dendrochirotida","Cucumariidae","Thyonella","Thyonella pervicax"
"Thysanoessa raschii",110711,4,"Thysanoessa raschii","Animalia","Arthropoda","Malacostraca","Euphausiacea","Euphausiidae","Thysanoessa","Thysanoessa raschii"
"Torpedo nobiliana",157868,18,"Torpedo nobiliana","Animalia","Chordata","Elasmobranchii","Torpediniformes","Torpedinidae","Torpedo","Torpedo nobiliana"
"Trachyrincus murrayi",126481,27,"Trachyrincus murrayi","Animalia","Chordata","Teleostei","Gadiformes","Macrouridae","Trachyrincus","Trachyrincus murrayi"
"Tremaster mirabilis",124002,2,"Tremaster mirabilis","Animalia","Echinodermata","Asteroidea","Valvatida","Asterinidae","Tremaster","Tremaster mirabilis"
"Triglops",126154,8536,"Triglops","Animalia","Chordata","Teleostei","Perciformes","Cottidae","Triglops",NA
"Ulva",144296,5,"Ulva","Plantae",NA,"Ulvophyceae","Ulvales","Ulvaceae","Ulva",NA
"Ulvaria subbifurcata",159821,225,"Ulvaria subbifurcata","Animalia","Chordata","Teleostei","Perciformes","Stichaeidae","Ulvaria","Ulvaria subbifurcata"
"Urasterias lincki",123815,53,"Urasterias lincki","Animalia","Echinodermata","Asteroidea","Forcipulatida","Asteriidae","Urasterias","Urasterias lincki"
"Urophycis chesteri",301114,1466,"Urophycis chesteri","Animalia","Chordata","Teleostei","Gadiformes","Phycidae","Urophycis","Urophycis chesteri"
"Urophycis chuss",126503,3864,"Urophycis chuss","Animalia","Chordata","Teleostei","Gadiformes","Phycidae","Urophycis","Urophycis chuss"
"Urophycis regia",158991,34,"Urophycis regia","Animalia","Chordata","Teleostei","Gadiformes","Phycidae","Urophycis","Urophycis regia"
"Urophycis tenuis",126504,5523,"Urophycis tenuis","Animalia","Chordata","Teleostei","Gadiformes","Phycidae","Urophycis","Urophycis tenuis"
"Vazella pourtalesi",172121,141,"Vazella pourtalesii","Animalia","Porifera","Hexactinellida","Lyssacinosida","Rossellidae","Vazella","Vazella pourtalesii"
"Velutinidae",143,1,"Velutinidae","Animalia","Mollusca","Gastropoda","Littorinimorpha","Velutinidae",NA,NA
"Venefica procera",158593,2,"Venefica procera","Animalia","Chordata","Teleostei","Anguilliformes","Nettastomatidae","Venefica","Venefica procera"
"Venericardia borealis",546035,4,"Venericardia borealis","Animalia","Mollusca","Bivalvia","Carditida","Carditidae","Venericardia","Venericardia borealis"
"Venus mercenaria",366872,6,"Venus mercenaria","Animalia","Mollusca","Bivalvia","Venerida","Veneridae","Venus","Venus mercenaria"
"Vinciguerria nimbaria",127303,1,"Vinciguerria nimbaria","Animalia","Chordata","Teleostei","Stomiiformes","Phosichthyidae","Vinciguerria","Vinciguerria nimbaria"
"Vomer setapinnis",322385,3,"Vomer setapinnis","Animalia","Chordata","Teleostei","Carangiformes","Carangidae","Vomer","Vomer setapinnis"
"Xenodermichthys copei",126714,6,"Xenodermichthys copei","Animalia","Chordata","Teleostei","Alepocephaliformes","Alepocephalidae","Xenodermichthys","Xenodermichthys copei"
"Xenolepidichthys dalgleishi",159432,5,"Xenolepidichthys dalgleishi","Animalia","Chordata","Teleostei","Zeiformes","Grammicolepididae","Xenolepidichthys","Xenolepidichthys dalgleishi"
"Xiphias gladius",127094,2,"Xiphias gladius","Animalia","Chordata","Teleostei","Carangiformes","Xiphiidae","Xiphias","Xiphias gladius"
"Yoldia",138672,1,"Yoldia","Animalia","Mollusca","Bivalvia","Nuculanida","Yoldiidae","Yoldia",NA
"Zenopsis ocellata",307180,65,"Zenopsis ocellata","Animalia","Chordata","Teleostei","Zeiformes","Zeidae","Zenopsis","Zenopsis ocellata"
"Zoarces americanus",159267,3132,"Zoarces americanus","Animalia","Chordata","Teleostei","Perciformes","Zoarcidae","Zoarces","Zoarces americanus"
"Zostera marina",495077,1,"Zostera marina","Plantae",NA,"Magnoliopsida","Alismatales","Zosteraceae","Zostera","Zostera marina"
